-- phpMyAdmin SQL Dump
-- version 5.2.1
-- https://www.phpmyadmin.net/
--
-- Hôte : 127.0.0.1
-- Généré le : lun. 30 juin 2025 à 15:57
-- Version du serveur : 10.4.32-MariaDB
-- Version de PHP : 8.2.12

SET SQL_MODE = "NO_AUTO_VALUE_ON_ZERO";
START TRANSACTION;
SET time_zone = "+00:00";


/*!40101 SET @OLD_CHARACTER_SET_CLIENT=@@CHARACTER_SET_CLIENT */;
/*!40101 SET @OLD_CHARACTER_SET_RESULTS=@@CHARACTER_SET_RESULTS */;
/*!40101 SET @OLD_COLLATION_CONNECTION=@@COLLATION_CONNECTION */;
/*!40101 SET NAMES utf8mb4 */;

--
-- Base de données : `chef_platform`
--

-- --------------------------------------------------------

--
-- Structure de la table `cache`
--

CREATE TABLE `cache` (
  `key` varchar(255) NOT NULL,
  `value` mediumtext NOT NULL,
  `expiration` int(11) NOT NULL
) ENGINE=InnoDB DEFAULT CHARSET=utf8mb4 COLLATE=utf8mb4_unicode_ci;

-- --------------------------------------------------------

--
-- Structure de la table `cache_locks`
--

CREATE TABLE `cache_locks` (
  `key` varchar(255) NOT NULL,
  `owner` varchar(255) NOT NULL,
  `expiration` int(11) NOT NULL
) ENGINE=InnoDB DEFAULT CHARSET=utf8mb4 COLLATE=utf8mb4_unicode_ci;

-- --------------------------------------------------------

--
-- Structure de la table `categories`
--

CREATE TABLE `categories` (
  `id` bigint(20) UNSIGNED NOT NULL,
  `name` varchar(255) NOT NULL,
  `name_fr` varchar(255) DEFAULT NULL,
  `created_at` timestamp NULL DEFAULT NULL,
  `updated_at` timestamp NULL DEFAULT NULL
) ENGINE=InnoDB DEFAULT CHARSET=utf8mb4 COLLATE=utf8mb4_unicode_ci;

--
-- Déchargement des données de la table `categories`
--

INSERT INTO `categories` (`id`, `name`, `name_fr`, `created_at`, `updated_at`) VALUES
(1, 'مغربي', NULL, '2025-06-19 18:59:37', '2025-06-19 18:59:37'),
(2, 'سوري', NULL, '2025-06-19 18:59:37', '2025-06-19 18:59:37'),
(3, 'سعودي', NULL, '2025-06-19 18:59:37', '2025-06-19 18:59:37'),
(4, 'لبناني', NULL, '2025-06-19 18:59:37', '2025-06-19 18:59:37'),
(5, 'أردني', NULL, '2025-06-19 18:59:37', '2025-06-19 18:59:37'),
(6, 'عراقي', NULL, '2025-06-19 18:59:37', '2025-06-19 18:59:37'),
(7, 'فلسطيني', NULL, '2025-06-19 18:59:37', '2025-06-19 18:59:37'),
(8, 'يمني', NULL, '2025-06-19 18:59:37', '2025-06-19 18:59:37'),
(9, 'كويتي', NULL, '2025-06-19 18:59:37', '2025-06-19 18:59:37'),
(10, 'إماراتي', NULL, '2025-06-19 18:59:37', '2025-06-19 18:59:37'),
(11, 'قطري', NULL, '2025-06-19 18:59:37', '2025-06-19 18:59:37'),
(12, 'عماني', NULL, '2025-06-19 18:59:37', '2025-06-19 18:59:37'),
(13, 'بحرييني', NULL, '2025-06-19 18:59:37', '2025-06-19 18:59:37'),
(14, 'هندي', NULL, '2025-06-19 18:59:37', '2025-06-19 18:59:37'),
(15, 'باكستاني', NULL, '2025-06-19 18:59:37', '2025-06-19 18:59:37'),
(16, 'بنجلاديشي', NULL, '2025-06-19 18:59:37', '2025-06-19 18:59:37'),
(17, 'صيني', NULL, '2025-06-19 18:59:37', '2025-06-19 18:59:37'),
(18, 'ياباني', NULL, '2025-06-19 18:59:37', '2025-06-19 18:59:37'),
(19, 'كوري', NULL, '2025-06-19 18:59:37', '2025-06-19 18:59:37'),
(20, 'تايلاندي', NULL, '2025-06-19 18:59:37', '2025-06-19 18:59:37'),
(21, 'فيتنامي', NULL, '2025-06-19 18:59:37', '2025-06-19 18:59:37'),
(22, 'إندونيسي', NULL, '2025-06-19 18:59:37', '2025-06-19 18:59:37'),
(23, 'ماليزي', NULL, '2025-06-19 18:59:37', '2025-06-19 18:59:37'),
(24, 'سنغافوري', NULL, '2025-06-19 18:59:37', '2025-06-19 18:59:37'),
(25, 'فلبيني', NULL, '2025-06-19 18:59:37', '2025-06-19 18:59:37'),
(26, 'إيطالي', NULL, '2025-06-19 18:59:37', '2025-06-19 18:59:37'),
(27, 'فرنسي', NULL, '2025-06-19 18:59:37', '2025-06-19 18:59:37'),
(28, 'إسباني', NULL, '2025-06-19 18:59:37', '2025-06-19 18:59:37'),
(29, 'يوناني', NULL, '2025-06-19 18:59:37', '2025-06-19 18:59:37'),
(30, 'تركي', NULL, '2025-06-19 18:59:37', '2025-06-19 18:59:37'),
(31, 'ألماني', NULL, '2025-06-19 18:59:37', '2025-06-19 18:59:37'),
(32, 'برتغالي', NULL, '2025-06-19 18:59:37', '2025-06-19 18:59:37'),
(33, 'روسي', NULL, '2025-06-19 18:59:37', '2025-06-19 18:59:37'),
(34, 'بريطاني', NULL, '2025-06-19 18:59:37', '2025-06-19 18:59:37'),
(35, 'أيرلندي', NULL, '2025-06-19 18:59:37', '2025-06-19 18:59:37'),
(36, 'سويدي', NULL, '2025-06-19 18:59:37', '2025-06-19 18:59:37'),
(37, 'نرويجي', NULL, '2025-06-19 18:59:37', '2025-06-19 18:59:37'),
(38, 'دنماركي', NULL, '2025-06-19 18:59:37', '2025-06-19 18:59:37'),
(39, 'أمريكي', NULL, '2025-06-19 18:59:37', '2025-06-19 18:59:37'),
(40, 'مكسيكي', NULL, '2025-06-19 18:59:37', '2025-06-19 18:59:37'),
(41, 'برازيلي', NULL, '2025-06-19 18:59:37', '2025-06-19 18:59:37'),
(42, 'أرجنتيني', NULL, '2025-06-19 18:59:37', '2025-06-19 18:59:37'),
(43, 'كولومبي', NULL, '2025-06-19 18:59:37', '2025-06-19 18:59:37'),
(44, 'بيروفي', NULL, '2025-06-19 18:59:37', '2025-06-19 18:59:37'),
(45, 'تشيلي', NULL, '2025-06-19 18:59:37', '2025-06-19 18:59:37'),
(46, 'فنزويلي', NULL, '2025-06-19 18:59:37', '2025-06-19 18:59:37'),
(47, 'مصري', NULL, '2025-06-19 18:59:37', '2025-06-19 18:59:37'),
(48, 'سوداني', NULL, '2025-06-19 18:59:37', '2025-06-19 18:59:37'),
(49, 'ليبي', NULL, '2025-06-19 18:59:37', '2025-06-19 18:59:37'),
(50, 'تونسي', NULL, '2025-06-19 18:59:37', '2025-06-19 18:59:37'),
(51, 'جزائري', NULL, '2025-06-19 18:59:37', '2025-06-19 18:59:37'),
(52, 'موريتاني', NULL, '2025-06-19 18:59:37', '2025-06-19 18:59:37'),
(53, 'صومالي', NULL, '2025-06-19 18:59:37', '2025-06-19 18:59:37'),
(54, 'إثيوبي', NULL, '2025-06-19 18:59:37', '2025-06-19 18:59:37'),
(55, 'إريتري', NULL, '2025-06-19 18:59:37', '2025-06-19 18:59:37'),
(56, 'كينيا', NULL, '2025-06-19 18:59:37', '2025-06-19 18:59:37'),
(57, 'غاني', NULL, '2025-06-19 18:59:37', '2025-06-19 18:59:37'),
(58, 'نيجيري', NULL, '2025-06-19 18:59:37', '2025-06-19 18:59:37'),
(59, 'جنوب أفريقي', NULL, '2025-06-19 18:59:37', '2025-06-19 18:59:37'),
(60, 'مشويات', NULL, '2025-06-19 18:59:37', '2025-06-19 18:59:37'),
(61, 'مقليات', NULL, '2025-06-19 18:59:37', '2025-06-19 18:59:37'),
(62, 'مشاوي', NULL, '2025-06-19 18:59:37', '2025-06-19 18:59:37'),
(63, 'مخبوزات', NULL, '2025-06-19 18:59:37', '2025-06-19 18:59:37'),
(64, 'حساء وشوربات', NULL, '2025-06-19 18:59:37', '2025-06-19 18:59:37'),
(65, 'سلطات', NULL, '2025-06-19 18:59:37', '2025-06-19 18:59:37'),
(66, 'مخللات', NULL, '2025-06-19 18:59:37', '2025-06-19 18:59:37'),
(67, 'مقبلات', NULL, '2025-06-19 18:59:37', '2025-06-19 18:59:37'),
(68, 'أطباق رئيسية', NULL, '2025-06-19 18:59:37', '2025-06-19 18:59:37'),
(69, 'أطباق جانبية', NULL, '2025-06-19 18:59:37', '2025-06-19 18:59:37'),
(70, 'أسماك', NULL, '2025-06-19 18:59:37', '2025-06-19 18:59:37'),
(71, 'جمبري', NULL, '2025-06-19 18:59:37', '2025-06-19 18:59:37'),
(72, 'كابوريا', NULL, '2025-06-19 18:59:37', '2025-06-19 18:59:37'),
(73, 'استاكوزا', NULL, '2025-06-19 18:59:37', '2025-06-19 18:59:37'),
(74, 'محار', NULL, '2025-06-19 18:59:37', '2025-06-19 18:59:37'),
(75, 'كاليماري', NULL, '2025-06-19 18:59:37', '2025-06-19 18:59:37'),
(76, 'أخطبوط', NULL, '2025-06-19 18:59:37', '2025-06-19 18:59:37'),
(77, 'سوشي', NULL, '2025-06-19 18:59:37', '2025-06-19 18:59:37'),
(78, 'ساشيمي', NULL, '2025-06-19 18:59:37', '2025-06-19 18:59:37'),
(79, 'برجر', NULL, '2025-06-19 18:59:37', '2025-06-19 18:59:37'),
(80, 'بيتزا', NULL, '2025-06-19 18:59:37', '2025-06-19 18:59:37'),
(81, 'ساندويتشات', NULL, '2025-06-19 18:59:37', '2025-06-19 18:59:37'),
(82, 'هوت دوج', NULL, '2025-06-19 18:59:37', '2025-06-19 18:59:37'),
(83, 'شاورما', NULL, '2025-06-19 18:59:37', '2025-06-19 18:59:37'),
(84, 'فاهيتا', NULL, '2025-06-19 18:59:37', '2025-06-19 18:59:37'),
(85, 'تاكو', NULL, '2025-06-19 18:59:37', '2025-06-19 18:59:37'),
(86, 'بوريتو', NULL, '2025-06-19 18:59:37', '2025-06-19 18:59:37'),
(87, 'ناتشوز', NULL, '2025-06-19 18:59:37', '2025-06-19 18:59:37'),
(88, 'حلويات عربية', NULL, '2025-06-19 18:59:37', '2025-06-19 18:59:37'),
(89, 'حلويات شرقية', NULL, '2025-06-19 18:59:37', '2025-06-19 18:59:37'),
(90, 'حلويات غربية', NULL, '2025-06-19 18:59:37', '2025-06-19 18:59:37'),
(91, 'آيس كريم', NULL, '2025-06-19 18:59:37', '2025-06-19 18:59:37'),
(92, 'كيك', NULL, '2025-06-19 18:59:37', '2025-06-19 18:59:37'),
(93, 'مثلجات', NULL, '2025-06-19 18:59:37', '2025-06-19 18:59:37'),
(94, 'تشيز كيك', NULL, '2025-06-19 18:59:37', '2025-06-19 18:59:37'),
(95, 'دونات', NULL, '2025-06-19 18:59:37', '2025-06-19 18:59:37'),
(96, 'وافل', NULL, '2025-06-19 18:59:37', '2025-06-19 18:59:37'),
(97, 'بان كيك', NULL, '2025-06-19 18:59:37', '2025-06-19 18:59:37'),
(98, 'عصائر', NULL, '2025-06-19 18:59:37', '2025-06-19 18:59:37'),
(99, 'كوكتيلات', NULL, '2025-06-19 18:59:37', '2025-06-19 18:59:37'),
(100, 'مشروبات ساخنة', NULL, '2025-06-19 18:59:37', '2025-06-19 18:59:37'),
(101, 'قهوة', NULL, '2025-06-19 18:59:37', '2025-06-19 18:59:37'),
(102, 'شاي', NULL, '2025-06-19 18:59:37', '2025-06-19 18:59:37'),
(103, 'ميلك شيك', NULL, '2025-06-19 18:59:37', '2025-06-19 18:59:37'),
(104, 'سموذي', NULL, '2025-06-19 18:59:37', '2025-06-19 18:59:37'),
(105, 'مشروبات غازية', NULL, '2025-06-19 18:59:37', '2025-06-19 18:59:37'),
(106, 'مشروبات طاقة', NULL, '2025-06-19 18:59:37', '2025-06-19 18:59:37'),
(107, 'نباتي', NULL, '2025-06-19 18:59:37', '2025-06-19 18:59:37'),
(108, 'وجبات خفيفة', NULL, '2025-06-19 18:59:37', '2025-06-19 18:59:37'),
(109, 'سموذي باول', NULL, '2025-06-19 18:59:37', '2025-06-19 18:59:37'),
(110, 'سلطات صحية', NULL, '2025-06-19 18:59:37', '2025-06-19 18:59:37'),
(111, 'أطعمة خالية من الجلوتين', NULL, '2025-06-19 18:59:37', '2025-06-19 18:59:37'),
(112, 'أطعمة خالية من السكر', NULL, '2025-06-19 18:59:37', '2025-06-19 18:59:37'),
(113, 'كيتو', NULL, '2025-06-19 18:59:37', '2025-06-19 18:59:37'),
(114, 'باليو', NULL, '2025-06-19 18:59:37', '2025-06-19 18:59:37'),
(115, 'أطباق رمضان', NULL, '2025-06-19 18:59:37', '2025-06-19 18:59:37'),
(116, 'أطباق العيد', NULL, '2025-06-19 18:59:37', '2025-06-19 18:59:37'),
(117, 'أطباق أعياد الميلاد', NULL, '2025-06-19 18:59:37', '2025-06-19 18:59:37'),
(118, 'أطباق حفلات', NULL, '2025-06-19 18:59:37', '2025-06-19 18:59:37'),
(119, 'بوفيه', NULL, '2025-06-19 18:59:37', '2025-06-19 18:59:37'),
(120, 'أطباق زفاف', NULL, '2025-06-19 18:59:37', '2025-06-19 18:59:37'),
(121, 'فطور عربي', NULL, '2025-06-19 18:59:37', '2025-06-19 18:59:37'),
(122, 'فطور إنجليزي', NULL, '2025-06-19 18:59:37', '2025-06-19 18:59:37'),
(123, 'فطور فرنسي', NULL, '2025-06-19 18:59:37', '2025-06-19 18:59:37'),
(124, 'فطور تركي', NULL, '2025-06-19 18:59:37', '2025-06-19 18:59:37'),
(125, 'فطور أمريكي', NULL, '2025-06-19 18:59:37', '2025-06-19 18:59:37'),
(126, 'معجنات', NULL, '2025-06-19 18:59:37', '2025-06-19 18:59:37'),
(127, 'خبز', NULL, '2025-06-19 18:59:37', '2025-06-19 18:59:37'),
(128, 'فطائر', NULL, '2025-06-19 18:59:37', '2025-06-19 18:59:37'),
(129, 'كرواسون', NULL, '2025-06-19 18:59:37', '2025-06-19 18:59:37'),
(130, 'حلويات مخبوزة', NULL, '2025-06-19 18:59:37', '2025-06-19 18:59:37'),
(131, 'حلويات مقلية', NULL, '2025-06-19 18:59:37', '2025-06-19 18:59:37');

-- --------------------------------------------------------

--
-- Structure de la table `category_cook`
--

CREATE TABLE `category_cook` (
  `id` bigint(20) UNSIGNED NOT NULL,
  `cook_id` bigint(20) UNSIGNED NOT NULL,
  `category_id` bigint(20) UNSIGNED NOT NULL,
  `created_at` timestamp NULL DEFAULT NULL,
  `updated_at` timestamp NULL DEFAULT NULL
) ENGINE=InnoDB DEFAULT CHARSET=utf8mb4 COLLATE=utf8mb4_unicode_ci;

--
-- Déchargement des données de la table `category_cook`
--

INSERT INTO `category_cook` (`id`, `cook_id`, `category_id`, `created_at`, `updated_at`) VALUES
(1, 5, 3, NULL, NULL),
(2, 5, 6, NULL, NULL),
(3, 5, 7, NULL, NULL),
(4, 5, 14, NULL, NULL),
(5, 5, 15, NULL, NULL),
(6, 3, 1, NULL, NULL),
(7, 3, 2, NULL, NULL),
(8, 3, 3, NULL, NULL),
(9, 3, 4, NULL, NULL),
(10, 3, 129, NULL, NULL);

-- --------------------------------------------------------

--
-- Structure de la table `cities`
--

CREATE TABLE `cities` (
  `id` bigint(20) UNSIGNED NOT NULL,
  `country_id` bigint(20) UNSIGNED DEFAULT NULL,
  `name` varchar(255) NOT NULL,
  `name_fr` varchar(255) DEFAULT NULL,
  `created_at` timestamp NULL DEFAULT NULL,
  `updated_at` timestamp NULL DEFAULT NULL
) ENGINE=InnoDB DEFAULT CHARSET=utf8mb4 COLLATE=utf8mb4_unicode_ci;

--
-- Déchargement des données de la table `cities`
--

INSERT INTO `cities` (`id`, `country_id`, `name`, `name_fr`, `created_at`, `updated_at`) VALUES
(1, 1, 'الدار البيضاء', NULL, '2025-05-30 20:42:39', '2025-05-30 20:42:39'),
(2, 1, 'الرباط', NULL, '2025-05-30 20:42:39', '2025-05-30 20:42:39'),
(3, 1, 'مراكش', NULL, '2025-05-30 20:42:39', '2025-05-30 20:42:39'),
(4, 1, 'فاس', NULL, '2025-05-30 20:42:39', '2025-05-30 20:42:39'),
(5, 1, 'أكادير', NULL, '2025-05-30 20:42:39', '2025-05-30 20:42:39'),
(6, 1, 'طنجة', NULL, '2025-05-30 20:42:39', '2025-05-30 20:42:39'),
(7, 1, 'وجدة', NULL, '2025-05-30 20:42:39', '2025-05-30 20:42:39'),
(8, 1, 'تطوان', NULL, '2025-05-30 20:42:39', '2025-05-30 20:42:39'),
(9, 1, 'الجديدة', NULL, '2025-05-30 20:42:39', '2025-05-30 20:42:39'),
(10, 1, 'بني ملال', NULL, '2025-05-30 20:42:39', '2025-05-30 20:42:39'),
(11, 1, 'مكناس', NULL, '2025-06-19 21:03:32', '2025-06-19 21:03:32'),
(12, 1, 'القنيطرة', NULL, '2025-06-19 21:03:32', '2025-06-19 21:03:32'),
(13, 1, 'سلا', NULL, '2025-06-19 21:03:32', '2025-06-19 21:03:32'),
(14, 1, 'المحمدية', NULL, '2025-06-19 21:03:32', '2025-06-19 21:03:32'),
(15, 1, 'خريبكة', NULL, '2025-06-19 21:03:32', '2025-06-19 21:03:32'),
(16, 1, 'تازة', NULL, '2025-06-19 21:03:32', '2025-06-19 21:03:32'),
(17, 1, 'نادور', NULL, '2025-06-19 21:03:32', '2025-06-19 21:03:32'),
(18, 1, 'سطات', NULL, '2025-06-19 21:03:32', '2025-06-19 21:03:32'),
(19, 1, 'الراشيدية', NULL, '2025-06-19 21:03:32', '2025-06-19 21:03:32'),
(20, 1, 'الحسيمة', NULL, '2025-06-19 21:03:32', '2025-06-19 21:03:32'),
(21, 2, 'الرياض', NULL, '2025-06-19 21:03:32', '2025-06-19 21:03:32'),
(22, 2, 'جدة', NULL, '2025-06-19 21:03:32', '2025-06-19 21:03:32'),
(23, 2, 'مكة المكرمة', NULL, '2025-06-19 21:03:32', '2025-06-19 21:03:32'),
(24, 2, 'المدينة المنورة', NULL, '2025-06-19 21:03:32', '2025-06-19 21:03:32'),
(25, 2, 'الدمام', NULL, '2025-06-19 21:03:32', '2025-06-19 21:03:32'),
(26, 2, 'تبوك', NULL, '2025-06-19 21:03:32', '2025-06-19 21:03:32'),
(27, 2, 'بريدة', NULL, '2025-06-19 21:03:32', '2025-06-19 21:03:32'),
(28, 2, 'الطائف', NULL, '2025-06-19 21:03:32', '2025-06-19 21:03:32'),
(29, 2, 'الخبر', NULL, '2025-06-19 21:03:32', '2025-06-19 21:03:32'),
(30, 2, 'حائل', NULL, '2025-06-19 21:03:32', '2025-06-19 21:03:32'),
(31, 2, 'الجبيل', NULL, '2025-06-19 21:03:32', '2025-06-19 21:03:32'),
(32, 2, 'الباحة', NULL, '2025-06-19 21:03:32', '2025-06-19 21:03:32'),
(33, 2, 'نجران', NULL, '2025-06-19 21:03:32', '2025-06-19 21:03:32'),
(34, 2, 'جازان', NULL, '2025-06-19 21:03:32', '2025-06-19 21:03:32'),
(35, 2, 'عرعر', NULL, '2025-06-19 21:03:32', '2025-06-19 21:03:32'),
(36, 2, 'سكاكا', NULL, '2025-06-19 21:03:32', '2025-06-19 21:03:32'),
(37, 2, 'أبها', NULL, '2025-06-19 21:03:32', '2025-06-19 21:03:32'),
(38, 2, 'القطيف', NULL, '2025-06-19 21:03:32', '2025-06-19 21:03:32'),
(39, 2, 'الظهران', NULL, '2025-06-19 21:03:32', '2025-06-19 21:03:32'),
(40, 2, 'ينبع', NULL, '2025-06-19 21:03:32', '2025-06-19 21:03:32'),
(41, 3, 'القاهرة', NULL, '2025-06-19 21:03:32', '2025-06-19 21:03:32'),
(42, 3, 'الإسكندرية', NULL, '2025-06-19 21:03:32', '2025-06-19 21:03:32'),
(43, 3, 'الجيزة', NULL, '2025-06-19 21:03:32', '2025-06-19 21:03:32'),
(44, 3, 'شبرا الخيمة', NULL, '2025-06-19 21:03:32', '2025-06-19 21:03:32'),
(45, 3, 'بورسعيد', NULL, '2025-06-19 21:03:32', '2025-06-19 21:03:32'),
(46, 3, 'السويس', NULL, '2025-06-19 21:03:32', '2025-06-19 21:03:32'),
(47, 3, 'الأقصر', NULL, '2025-06-19 21:03:32', '2025-06-19 21:03:32'),
(48, 3, 'أسوان', NULL, '2025-06-19 21:03:32', '2025-06-19 21:03:32'),
(49, 3, 'الفيوم', NULL, '2025-06-19 21:03:32', '2025-06-19 21:03:32'),
(50, 3, 'الزقازيق', NULL, '2025-06-19 21:03:32', '2025-06-19 21:03:32'),
(51, 3, 'إسماعيلية', NULL, '2025-06-19 21:03:32', '2025-06-19 21:03:32'),
(52, 3, 'أسيوط', NULL, '2025-06-19 21:03:32', '2025-06-19 21:03:32'),
(53, 3, 'دمنهور', NULL, '2025-06-19 21:03:32', '2025-06-19 21:03:32'),
(54, 3, 'المنيا', NULL, '2025-06-19 21:03:32', '2025-06-19 21:03:32'),
(55, 3, 'دمياط', NULL, '2025-06-19 21:03:32', '2025-06-19 21:03:32'),
(56, 3, 'بنها', NULL, '2025-06-19 21:03:32', '2025-06-19 21:03:32'),
(57, 3, 'كفر الشيخ', NULL, '2025-06-19 21:03:32', '2025-06-19 21:03:32'),
(58, 3, 'قنا', NULL, '2025-06-19 21:03:32', '2025-06-19 21:03:32'),
(59, 3, 'سوهاج', NULL, '2025-06-19 21:03:32', '2025-06-19 21:03:32'),
(60, 3, 'العريش', NULL, '2025-06-19 21:03:32', '2025-06-19 21:03:32'),
(61, 4, 'الجزائر العاصمة', NULL, '2025-06-19 21:03:32', '2025-06-19 21:03:32'),
(62, 4, 'وهران', NULL, '2025-06-19 21:03:32', '2025-06-19 21:03:32'),
(63, 4, 'قسنطينة', NULL, '2025-06-19 21:03:32', '2025-06-19 21:03:32'),
(64, 4, 'عنابة', NULL, '2025-06-19 21:03:32', '2025-06-19 21:03:32'),
(65, 4, 'باتنة', NULL, '2025-06-19 21:03:32', '2025-06-19 21:03:32'),
(66, 4, 'سطيف', NULL, '2025-06-19 21:03:32', '2025-06-19 21:03:32'),
(67, 4, 'بجاية', NULL, '2025-06-19 21:03:32', '2025-06-19 21:03:32'),
(68, 4, 'سيدي بلعباس', NULL, '2025-06-19 21:03:32', '2025-06-19 21:03:32'),
(69, 4, 'بسكرة', NULL, '2025-06-19 21:03:32', '2025-06-19 21:03:32'),
(70, 4, 'تلمسان', NULL, '2025-06-19 21:03:32', '2025-06-19 21:03:32'),
(71, 4, 'ورقلة', NULL, '2025-06-19 21:03:32', '2025-06-19 21:03:32'),
(72, 4, 'بشار', NULL, '2025-06-19 21:03:32', '2025-06-19 21:03:32'),
(73, 4, 'تيزي وزو', NULL, '2025-06-19 21:03:32', '2025-06-19 21:03:32'),
(74, 4, 'الجلفة', NULL, '2025-06-19 21:03:32', '2025-06-19 21:03:32'),
(75, 4, 'مستغانم', NULL, '2025-06-19 21:03:32', '2025-06-19 21:03:32'),
(76, 4, 'تبسة', NULL, '2025-06-19 21:03:32', '2025-06-19 21:03:32'),
(77, 4, 'غرداية', NULL, '2025-06-19 21:03:32', '2025-06-19 21:03:32'),
(78, 4, 'الشلف', NULL, '2025-06-19 21:03:32', '2025-06-19 21:03:32'),
(79, 4, 'معسكر', NULL, '2025-06-19 21:03:32', '2025-06-19 21:03:32'),
(80, 4, 'المسيلة', NULL, '2025-06-19 21:03:32', '2025-06-19 21:03:32'),
(81, 5, 'أبوظبي', NULL, '2025-06-19 21:03:32', '2025-06-19 21:03:32'),
(82, 5, 'دبي', NULL, '2025-06-19 21:03:32', '2025-06-19 21:03:32'),
(83, 5, 'الشارقة', NULL, '2025-06-19 21:03:32', '2025-06-19 21:03:32'),
(84, 5, 'العين', NULL, '2025-06-19 21:03:32', '2025-06-19 21:03:32'),
(85, 5, 'عجمان', NULL, '2025-06-19 21:03:32', '2025-06-19 21:03:32'),
(86, 5, 'رأس الخيمة', NULL, '2025-06-19 21:03:32', '2025-06-19 21:03:32'),
(87, 5, 'الفجيرة', NULL, '2025-06-19 21:03:32', '2025-06-19 21:03:32'),
(88, 5, 'أم القيوين', NULL, '2025-06-19 21:03:32', '2025-06-19 21:03:32'),
(89, 5, 'خورفكان', NULL, '2025-06-19 21:03:32', '2025-06-19 21:03:32'),
(90, 5, 'كلباء', NULL, '2025-06-19 21:03:32', '2025-06-19 21:03:32'),
(91, 5, 'دبا الفجيرة', NULL, '2025-06-19 21:03:32', '2025-06-19 21:03:32'),
(92, 5, 'الذيد', NULL, '2025-06-19 21:03:32', '2025-06-19 21:03:32'),
(93, 5, 'مدينة زايد', NULL, '2025-06-19 21:03:32', '2025-06-19 21:03:32'),
(94, 5, 'ليوا', NULL, '2025-06-19 21:03:32', '2025-06-19 21:03:32'),
(95, 5, 'مرفأ', NULL, '2025-06-19 21:03:32', '2025-06-19 21:03:32'),
(96, 6, 'مدينة الكويت', NULL, '2025-06-19 21:03:32', '2025-06-19 21:03:32'),
(97, 6, 'حولي', NULL, '2025-06-19 21:03:32', '2025-06-19 21:03:32'),
(98, 6, 'الفروانية', NULL, '2025-06-19 21:03:32', '2025-06-19 21:03:32'),
(99, 6, 'الأحمدي', NULL, '2025-06-19 21:03:32', '2025-06-19 21:03:32'),
(100, 6, 'الجهراء', NULL, '2025-06-19 21:03:32', '2025-06-19 21:03:32'),
(101, 6, 'مبارك الكبير', NULL, '2025-06-19 21:03:32', '2025-06-19 21:03:32'),
(102, 6, 'السالمية', NULL, '2025-06-19 21:03:32', '2025-06-19 21:03:32'),
(103, 6, 'الفحيحيل', NULL, '2025-06-19 21:03:32', '2025-06-19 21:03:32'),
(104, 6, 'الصباحية', NULL, '2025-06-19 21:03:33', '2025-06-19 21:03:33'),
(105, 6, 'الرقة', NULL, '2025-06-19 21:03:33', '2025-06-19 21:03:33'),
(106, 6, 'أبرق خيطان', NULL, '2025-06-19 21:03:33', '2025-06-19 21:03:33'),
(107, 6, 'كيفان', NULL, '2025-06-19 21:03:33', '2025-06-19 21:03:33'),
(108, 6, 'الفنطاس', NULL, '2025-06-19 21:03:33', '2025-06-19 21:03:33'),
(109, 6, 'الجابرية', NULL, '2025-06-19 21:03:33', '2025-06-19 21:03:33'),
(110, 6, 'خيطان', NULL, '2025-06-19 21:03:33', '2025-06-19 21:03:33'),
(111, 7, 'مسقط', NULL, '2025-06-19 21:03:33', '2025-06-19 21:03:33'),
(112, 7, 'صلالة', NULL, '2025-06-19 21:03:33', '2025-06-19 21:03:33'),
(113, 7, 'السيب', NULL, '2025-06-19 21:03:33', '2025-06-19 21:03:33'),
(114, 7, 'صحار', NULL, '2025-06-19 21:03:33', '2025-06-19 21:03:33'),
(115, 7, 'نزوى', NULL, '2025-06-19 21:03:33', '2025-06-19 21:03:33'),
(116, 7, 'البريمي', NULL, '2025-06-19 21:03:33', '2025-06-19 21:03:33'),
(117, 7, 'الرستاق', NULL, '2025-06-19 21:03:33', '2025-06-19 21:03:33'),
(118, 7, 'صور', NULL, '2025-06-19 21:03:33', '2025-06-19 21:03:33'),
(119, 7, 'بركاء', NULL, '2025-06-19 21:03:33', '2025-06-19 21:03:33'),
(120, 7, 'عبري', NULL, '2025-06-19 21:03:33', '2025-06-19 21:03:33'),
(121, 7, 'بهلاء', NULL, '2025-06-19 21:03:33', '2025-06-19 21:03:33'),
(122, 7, 'إبراء', NULL, '2025-06-19 21:03:33', '2025-06-19 21:03:33'),
(123, 7, 'الخابورة', NULL, '2025-06-19 21:03:33', '2025-06-19 21:03:33'),
(124, 7, 'شناص', NULL, '2025-06-19 21:03:33', '2025-06-19 21:03:33'),
(125, 7, 'صحم', NULL, '2025-06-19 21:03:33', '2025-06-19 21:03:33'),
(126, 8, 'عمان', NULL, '2025-06-19 21:03:33', '2025-06-19 21:03:33'),
(127, 8, 'إربد', NULL, '2025-06-19 21:03:33', '2025-06-19 21:03:33'),
(128, 8, 'الزرقاء', NULL, '2025-06-19 21:03:33', '2025-06-19 21:03:33'),
(129, 8, 'الرصيفة', NULL, '2025-06-19 21:03:33', '2025-06-19 21:03:33'),
(130, 8, 'وادي السير', NULL, '2025-06-19 21:03:33', '2025-06-19 21:03:33'),
(131, 8, 'العقبة', NULL, '2025-06-19 21:03:33', '2025-06-19 21:03:33'),
(132, 8, 'السلط', NULL, '2025-06-19 21:03:33', '2025-06-19 21:03:33'),
(133, 8, 'الكرك', NULL, '2025-06-19 21:03:33', '2025-06-19 21:03:33'),
(134, 8, 'مادبا', NULL, '2025-06-19 21:03:33', '2025-06-19 21:03:33'),
(135, 8, 'جرش', NULL, '2025-06-19 21:03:33', '2025-06-19 21:03:33'),
(136, 8, 'عجلون', NULL, '2025-06-19 21:03:33', '2025-06-19 21:03:33'),
(137, 8, 'معان', NULL, '2025-06-19 21:03:33', '2025-06-19 21:03:33'),
(138, 8, 'الطفيلة', NULL, '2025-06-19 21:03:33', '2025-06-19 21:03:33'),
(139, 8, 'الزرقاء الجديدة', NULL, '2025-06-19 21:03:33', '2025-06-19 21:03:33'),
(140, 8, 'سحاب', NULL, '2025-06-19 21:03:33', '2025-06-19 21:03:33'),
(141, 9, 'بيروت', NULL, '2025-06-19 21:03:33', '2025-06-19 21:03:33'),
(142, 9, 'طرابلس', NULL, '2025-06-19 21:03:33', '2025-06-19 21:03:33'),
(143, 9, 'صيدا', NULL, '2025-06-19 21:03:33', '2025-06-19 21:03:33'),
(144, 9, 'صور', NULL, '2025-06-19 21:03:33', '2025-06-19 21:03:33'),
(145, 9, 'النبطية', NULL, '2025-06-19 21:03:33', '2025-06-19 21:03:33'),
(146, 9, 'بعلبك', NULL, '2025-06-19 21:03:33', '2025-06-19 21:03:33'),
(147, 9, 'جونيه', NULL, '2025-06-19 21:03:33', '2025-06-19 21:03:33'),
(148, 9, 'زحلة', NULL, '2025-06-19 21:03:33', '2025-06-19 21:03:33'),
(149, 9, 'البترون', NULL, '2025-06-19 21:03:33', '2025-06-19 21:03:33'),
(150, 9, 'جبيل', NULL, '2025-06-19 21:03:33', '2025-06-19 21:03:33'),
(151, 9, 'الدامور', NULL, '2025-06-19 21:03:33', '2025-06-19 21:03:33'),
(152, 9, 'المتن', NULL, '2025-06-19 21:03:33', '2025-06-19 21:03:33'),
(153, 9, 'كسروان', NULL, '2025-06-19 21:03:33', '2025-06-19 21:03:33'),
(154, 9, 'الشوف', NULL, '2025-06-19 21:03:33', '2025-06-19 21:03:33'),
(155, 9, 'عكار', NULL, '2025-06-19 21:03:33', '2025-06-19 21:03:33'),
(156, 10, 'دمشق', NULL, '2025-06-19 21:03:33', '2025-06-19 21:03:33'),
(157, 10, 'حلب', NULL, '2025-06-19 21:03:33', '2025-06-19 21:03:33'),
(158, 10, 'حمص', NULL, '2025-06-19 21:03:33', '2025-06-19 21:03:33'),
(159, 10, 'حماة', NULL, '2025-06-19 21:03:33', '2025-06-19 21:03:33'),
(160, 10, 'اللاذقية', NULL, '2025-06-19 21:03:33', '2025-06-19 21:03:33'),
(161, 10, 'دير الزور', NULL, '2025-06-19 21:03:33', '2025-06-19 21:03:33'),
(162, 10, 'الرقة', NULL, '2025-06-19 21:03:33', '2025-06-19 21:03:33'),
(163, 10, 'درعا', NULL, '2025-06-19 21:03:33', '2025-06-19 21:03:33'),
(164, 10, 'الحسكة', NULL, '2025-06-19 21:03:33', '2025-06-19 21:03:33'),
(165, 10, 'القامشلي', NULL, '2025-06-19 21:03:33', '2025-06-19 21:03:33'),
(166, 10, 'طرطوس', NULL, '2025-06-19 21:03:33', '2025-06-19 21:03:33'),
(167, 10, 'إدلب', NULL, '2025-06-19 21:03:33', '2025-06-19 21:03:33'),
(168, 10, 'السويداء', NULL, '2025-06-19 21:03:33', '2025-06-19 21:03:33'),
(169, 10, 'القنيطرة', NULL, '2025-06-19 21:03:33', '2025-06-19 21:03:33'),
(170, 10, 'الباب', NULL, '2025-06-19 21:03:33', '2025-06-19 21:03:33'),
(171, 11, 'تونس العاصمة', NULL, '2025-06-19 21:03:33', '2025-06-19 21:03:33'),
(172, 11, 'صفاقس', NULL, '2025-06-19 21:03:33', '2025-06-19 21:03:33'),
(173, 11, 'سوسة', NULL, '2025-06-19 21:03:33', '2025-06-19 21:03:33'),
(174, 11, 'أريانة', NULL, '2025-06-19 21:03:33', '2025-06-19 21:03:33'),
(175, 11, 'القيروان', NULL, '2025-06-19 21:03:33', '2025-06-19 21:03:33'),
(176, 11, 'بنزرت', NULL, '2025-06-19 21:03:33', '2025-06-19 21:03:33'),
(177, 11, 'قابس', NULL, '2025-06-19 21:03:33', '2025-06-19 21:03:33'),
(178, 11, 'قفصة', NULL, '2025-06-19 21:03:33', '2025-06-19 21:03:33'),
(179, 11, 'المنستير', NULL, '2025-06-19 21:03:33', '2025-06-19 21:03:33'),
(180, 11, 'مدنين', NULL, '2025-06-19 21:03:33', '2025-06-19 21:03:33'),
(181, 11, 'تطاوين', NULL, '2025-06-19 21:03:33', '2025-06-19 21:03:33'),
(182, 11, 'المهدية', NULL, '2025-06-19 21:03:33', '2025-06-19 21:03:33'),
(183, 11, 'نابل', NULL, '2025-06-19 21:03:33', '2025-06-19 21:03:33'),
(184, 11, 'باجة', NULL, '2025-06-19 21:03:33', '2025-06-19 21:03:33'),
(185, 11, 'جندوبة', NULL, '2025-06-19 21:03:33', '2025-06-19 21:03:33'),
(186, 12, 'الدوحة', NULL, '2025-06-19 21:03:33', '2025-06-19 21:03:33'),
(187, 12, 'الريان', NULL, '2025-06-19 21:03:33', '2025-06-19 21:03:33'),
(188, 12, 'أم صلال', NULL, '2025-06-19 21:03:33', '2025-06-19 21:03:33'),
(189, 12, 'الوكرة', NULL, '2025-06-19 21:03:33', '2025-06-19 21:03:33'),
(190, 12, 'الخور', NULL, '2025-06-19 21:03:33', '2025-06-19 21:03:33'),
(191, 12, 'دخان', NULL, '2025-06-19 21:03:33', '2025-06-19 21:03:33'),
(192, 12, 'الشمال', NULL, '2025-06-19 21:03:33', '2025-06-19 21:03:33'),
(193, 12, 'الغويرية', NULL, '2025-06-19 21:03:33', '2025-06-19 21:03:33'),
(194, 12, 'المسيعيد', NULL, '2025-06-19 21:03:33', '2025-06-19 21:03:33'),
(195, 12, 'الزبارة', NULL, '2025-06-19 21:03:33', '2025-06-19 21:03:33'),
(196, 12, 'فويرط', NULL, '2025-06-19 21:03:33', '2025-06-19 21:03:33'),
(197, 12, 'الثميد', NULL, '2025-06-19 21:03:33', '2025-06-19 21:03:33'),
(198, 12, 'سيلين', NULL, '2025-06-19 21:03:33', '2025-06-19 21:03:33'),
(199, 12, 'العديد', NULL, '2025-06-19 21:03:33', '2025-06-19 21:03:33'),
(200, 12, 'الودع', NULL, '2025-06-19 21:03:33', '2025-06-19 21:03:33'),
(201, 13, 'المنامة', NULL, '2025-06-19 21:03:33', '2025-06-19 21:03:33'),
(202, 13, 'المحرق', NULL, '2025-06-19 21:03:33', '2025-06-19 21:03:33'),
(203, 13, 'الرفاع', NULL, '2025-06-19 21:03:33', '2025-06-19 21:03:33'),
(204, 13, 'حمد', NULL, '2025-06-19 21:03:33', '2025-06-19 21:03:33'),
(205, 13, 'عيسى', NULL, '2025-06-19 21:03:34', '2025-06-19 21:03:34'),
(206, 13, 'سترة', NULL, '2025-06-19 21:03:34', '2025-06-19 21:03:34'),
(207, 13, 'جدحفص', NULL, '2025-06-19 21:03:34', '2025-06-19 21:03:34'),
(208, 13, 'الزلاق', NULL, '2025-06-19 21:03:34', '2025-06-19 21:03:34'),
(209, 13, 'عالي', NULL, '2025-06-19 21:03:34', '2025-06-19 21:03:34'),
(210, 13, 'البديع', NULL, '2025-06-19 21:03:34', '2025-06-19 21:03:34'),
(211, 13, 'كرباباد', NULL, '2025-06-19 21:03:34', '2025-06-19 21:03:34'),
(212, 13, 'سلماباد', NULL, '2025-06-19 21:03:34', '2025-06-19 21:03:34'),
(213, 13, 'الدراز', NULL, '2025-06-19 21:03:34', '2025-06-19 21:03:34'),
(214, 13, 'كرزكان', NULL, '2025-06-19 21:03:34', '2025-06-19 21:03:34'),
(215, 13, 'العكر', NULL, '2025-06-19 21:03:34', '2025-06-19 21:03:34'),
(216, 14, 'بغداد', NULL, '2025-06-19 21:03:34', '2025-06-19 21:03:34'),
(217, 14, 'البصرة', NULL, '2025-06-19 21:03:34', '2025-06-19 21:03:34'),
(218, 14, 'الموصل', NULL, '2025-06-19 21:03:34', '2025-06-19 21:03:34'),
(219, 14, 'أربيل', NULL, '2025-06-19 21:03:34', '2025-06-19 21:03:34'),
(220, 14, 'النجف', NULL, '2025-06-19 21:03:34', '2025-06-19 21:03:34'),
(221, 14, 'كربلاء', NULL, '2025-06-19 21:03:34', '2025-06-19 21:03:34'),
(222, 14, 'السليمانية', NULL, '2025-06-19 21:03:34', '2025-06-19 21:03:34'),
(223, 14, 'كركوك', NULL, '2025-06-19 21:03:34', '2025-06-19 21:03:34'),
(224, 14, 'الحلة', NULL, '2025-06-19 21:03:34', '2025-06-19 21:03:34'),
(225, 14, 'الرمادي', NULL, '2025-06-19 21:03:34', '2025-06-19 21:03:34'),
(226, 14, 'الناصرية', NULL, '2025-06-19 21:03:34', '2025-06-19 21:03:34'),
(227, 14, 'العمارة', NULL, '2025-06-19 21:03:34', '2025-06-19 21:03:34'),
(228, 14, 'الكوت', NULL, '2025-06-19 21:03:34', '2025-06-19 21:03:34'),
(229, 14, 'سامراء', NULL, '2025-06-19 21:03:34', '2025-06-19 21:03:34'),
(230, 14, 'الفلوجة', NULL, '2025-06-19 21:03:34', '2025-06-19 21:03:34'),
(231, 15, 'صنعاء', NULL, '2025-06-19 21:03:34', '2025-06-19 21:03:34'),
(232, 15, 'عدن', NULL, '2025-06-19 21:03:34', '2025-06-19 21:03:34'),
(233, 15, 'تعز', NULL, '2025-06-19 21:03:34', '2025-06-19 21:03:34'),
(234, 15, 'الحديدة', NULL, '2025-06-19 21:03:34', '2025-06-19 21:03:34'),
(235, 15, 'إب', NULL, '2025-06-19 21:03:34', '2025-06-19 21:03:34'),
(236, 15, 'ذمار', NULL, '2025-06-19 21:03:34', '2025-06-19 21:03:34'),
(237, 15, 'المكلا', NULL, '2025-06-19 21:03:34', '2025-06-19 21:03:34'),
(238, 15, 'سيئون', NULL, '2025-06-19 21:03:34', '2025-06-19 21:03:34'),
(239, 15, 'زنجبار', NULL, '2025-06-19 21:03:34', '2025-06-19 21:03:34'),
(240, 15, 'الضالع', NULL, '2025-06-19 21:03:34', '2025-06-19 21:03:34'),
(241, 15, 'أبين', NULL, '2025-06-19 21:03:34', '2025-06-19 21:03:34'),
(242, 15, 'لحج', NULL, '2025-06-19 21:03:34', '2025-06-19 21:03:34'),
(243, 15, 'شبوة', NULL, '2025-06-19 21:03:34', '2025-06-19 21:03:34'),
(244, 15, 'مأرب', NULL, '2025-06-19 21:03:34', '2025-06-19 21:03:34'),
(245, 15, 'الجوف', NULL, '2025-06-19 21:03:34', '2025-06-19 21:03:34'),
(246, 16, 'الخرطوم', NULL, '2025-06-19 21:03:34', '2025-06-19 21:03:34'),
(247, 16, 'أم درمان', NULL, '2025-06-19 21:03:34', '2025-06-19 21:03:34'),
(248, 16, 'الخرطوم بحري', NULL, '2025-06-19 21:03:34', '2025-06-19 21:03:34'),
(249, 16, 'بورتسودان', NULL, '2025-06-19 21:03:34', '2025-06-19 21:03:34'),
(250, 16, 'كسلا', NULL, '2025-06-19 21:03:34', '2025-06-19 21:03:34'),
(251, 16, 'الأبيض', NULL, '2025-06-19 21:03:34', '2025-06-19 21:03:34'),
(252, 16, 'نيالا', NULL, '2025-06-19 21:03:34', '2025-06-19 21:03:34'),
(253, 16, 'الجنينة', NULL, '2025-06-19 21:03:34', '2025-06-19 21:03:34'),
(254, 16, 'كوستي', NULL, '2025-06-19 21:03:34', '2025-06-19 21:03:34'),
(255, 16, 'ود مدني', NULL, '2025-06-19 21:03:34', '2025-06-19 21:03:34'),
(256, 16, 'الدمازين', NULL, '2025-06-19 21:03:34', '2025-06-19 21:03:34'),
(257, 16, 'القضارف', NULL, '2025-06-19 21:03:34', '2025-06-19 21:03:34'),
(258, 16, 'عطبرة', NULL, '2025-06-19 21:03:34', '2025-06-19 21:03:34'),
(259, 16, 'دنقلا', NULL, '2025-06-19 21:03:34', '2025-06-19 21:03:34'),
(260, 16, 'كريمة', NULL, '2025-06-19 21:03:34', '2025-06-19 21:03:34'),
(261, 17, 'طرابلس', NULL, '2025-06-19 21:03:34', '2025-06-19 21:03:34'),
(262, 17, 'بنغازي', NULL, '2025-06-19 21:03:34', '2025-06-19 21:03:34'),
(263, 17, 'مصراتة', NULL, '2025-06-19 21:03:34', '2025-06-19 21:03:34'),
(264, 17, 'الزاوية', NULL, '2025-06-19 21:03:34', '2025-06-19 21:03:34'),
(265, 17, 'البيضاء', NULL, '2025-06-19 21:03:34', '2025-06-19 21:03:34'),
(266, 17, 'أجدابيا', NULL, '2025-06-19 21:03:34', '2025-06-19 21:03:34'),
(267, 17, 'الخمس', NULL, '2025-06-19 21:03:34', '2025-06-19 21:03:34'),
(268, 17, 'توكرة', NULL, '2025-06-19 21:03:34', '2025-06-19 21:03:34'),
(269, 17, 'درنة', NULL, '2025-06-19 21:03:34', '2025-06-19 21:03:34'),
(270, 17, 'سبها', NULL, '2025-06-19 21:03:34', '2025-06-19 21:03:34'),
(271, 17, 'زليتن', NULL, '2025-06-19 21:03:34', '2025-06-19 21:03:34'),
(272, 17, 'غريان', NULL, '2025-06-19 21:03:34', '2025-06-19 21:03:34'),
(273, 17, 'صبراتة', NULL, '2025-06-19 21:03:34', '2025-06-19 21:03:34'),
(274, 17, 'زوارة', NULL, '2025-06-19 21:03:34', '2025-06-19 21:03:34'),
(275, 17, 'بني وليد', NULL, '2025-06-19 21:03:34', '2025-06-19 21:03:34'),
(276, 18, 'مقديشو', NULL, '2025-06-19 21:03:34', '2025-06-19 21:03:34'),
(277, 18, 'هرجيسا', NULL, '2025-06-19 21:03:34', '2025-06-19 21:03:34'),
(278, 18, 'بربرة', NULL, '2025-06-19 21:03:34', '2025-06-19 21:03:34'),
(279, 18, 'بوساسو', NULL, '2025-06-19 21:03:34', '2025-06-19 21:03:34'),
(280, 18, 'جالكايو', NULL, '2025-06-19 21:03:34', '2025-06-19 21:03:34'),
(281, 18, 'كيسمايو', NULL, '2025-06-19 21:03:34', '2025-06-19 21:03:34'),
(282, 18, 'بيدوا', NULL, '2025-06-19 21:03:34', '2025-06-19 21:03:34'),
(283, 18, 'مركا', NULL, '2025-06-19 21:03:34', '2025-06-19 21:03:34'),
(284, 18, 'بوراما', NULL, '2025-06-19 21:03:34', '2025-06-19 21:03:34'),
(285, 18, 'لاسكانود', NULL, '2025-06-19 21:03:34', '2025-06-19 21:03:34'),
(286, 18, 'جوهر', NULL, '2025-06-19 21:03:34', '2025-06-19 21:03:34'),
(287, 18, 'أفجوي', NULL, '2025-06-19 21:03:34', '2025-06-19 21:03:34'),
(288, 18, 'باكول', NULL, '2025-06-19 21:03:34', '2025-06-19 21:03:34'),
(289, 18, 'بلدوين', NULL, '2025-06-19 21:03:34', '2025-06-19 21:03:34'),
(290, 18, 'دولو', NULL, '2025-06-19 21:03:34', '2025-06-19 21:03:34'),
(291, 19, 'القدس', NULL, '2025-06-19 21:03:34', '2025-06-19 21:03:34'),
(292, 19, 'غزة', NULL, '2025-06-19 21:03:34', '2025-06-19 21:03:34'),
(293, 19, 'الخليل', NULL, '2025-06-19 21:03:34', '2025-06-19 21:03:34'),
(294, 19, 'نابلس', NULL, '2025-06-19 21:03:34', '2025-06-19 21:03:34'),
(295, 19, 'رام الله', NULL, '2025-06-19 21:03:34', '2025-06-19 21:03:34'),
(296, 19, 'بيت لحم', NULL, '2025-06-19 21:03:34', '2025-06-19 21:03:34'),
(297, 19, 'جنين', NULL, '2025-06-19 21:03:34', '2025-06-19 21:03:34'),
(298, 19, 'طولكرم', NULL, '2025-06-19 21:03:34', '2025-06-19 21:03:34'),
(299, 19, 'قلقيلية', NULL, '2025-06-19 21:03:34', '2025-06-19 21:03:34'),
(300, 19, 'سلفيت', NULL, '2025-06-19 21:03:35', '2025-06-19 21:03:35'),
(301, 19, 'أريحا', NULL, '2025-06-19 21:03:35', '2025-06-19 21:03:35'),
(302, 19, 'طوباس', NULL, '2025-06-19 21:03:35', '2025-06-19 21:03:35'),
(303, 19, 'رفح', NULL, '2025-06-19 21:03:35', '2025-06-19 21:03:35'),
(304, 19, 'خان يونس', NULL, '2025-06-19 21:03:35', '2025-06-19 21:03:35'),
(305, 19, 'دير البلح', NULL, '2025-06-19 21:03:35', '2025-06-19 21:03:35'),
(306, 20, 'نواكشوط', NULL, '2025-06-19 21:03:35', '2025-06-19 21:03:35'),
(307, 20, 'نواديبو', NULL, '2025-06-19 21:03:35', '2025-06-19 21:03:35'),
(308, 20, 'روصو', NULL, '2025-06-19 21:03:35', '2025-06-19 21:03:35'),
(309, 20, 'كيفة', NULL, '2025-06-19 21:03:35', '2025-06-19 21:03:35'),
(310, 20, 'العيون', NULL, '2025-06-19 21:03:35', '2025-06-19 21:03:35'),
(311, 20, 'زويرات', NULL, '2025-06-19 21:03:35', '2025-06-19 21:03:35'),
(312, 20, 'أطار', NULL, '2025-06-19 21:03:35', '2025-06-19 21:03:35'),
(313, 20, 'شنقيط', NULL, '2025-06-19 21:03:35', '2025-06-19 21:03:35'),
(314, 20, 'تيشيت', NULL, '2025-06-19 21:03:35', '2025-06-19 21:03:35'),
(315, 20, 'ولاتة', NULL, '2025-06-19 21:03:35', '2025-06-19 21:03:35'),
(316, 20, 'المذرذرة', NULL, '2025-06-19 21:03:35', '2025-06-19 21:03:35'),
(317, 20, 'مقطع لحجار', NULL, '2025-06-19 21:03:35', '2025-06-19 21:03:35'),
(318, 20, 'بوغي', NULL, '2025-06-19 21:03:35', '2025-06-19 21:03:35'),
(319, 20, 'امبود', NULL, '2025-06-19 21:03:35', '2025-06-19 21:03:35'),
(320, 20, 'باركيول', NULL, '2025-06-19 21:03:35', '2025-06-19 21:03:35');

-- --------------------------------------------------------

--
-- Structure de la table `clients`
--

CREATE TABLE `clients` (
  `id` bigint(20) UNSIGNED NOT NULL,
  `name` varchar(255) NOT NULL,
  `email` varchar(255) DEFAULT NULL,
  `phone` varchar(255) DEFAULT NULL,
  `city_id` bigint(20) UNSIGNED DEFAULT NULL,
  `created_at` timestamp NULL DEFAULT NULL,
  `updated_at` timestamp NULL DEFAULT NULL
) ENGINE=InnoDB DEFAULT CHARSET=utf8mb4 COLLATE=utf8mb4_unicode_ci;

--
-- Déchargement des données de la table `clients`
--

INSERT INTO `clients` (`id`, `name`, `email`, `phone`, `city_id`, `created_at`, `updated_at`) VALUES
(1, 'Wilhelmine Okuneva', 'lemuel09@example.com', '972.485.3400', 10, '2025-05-30 20:42:39', '2025-05-30 20:42:39'),
(2, 'Archibald Swaniawski', 'vhegmann@example.com', '+1 (763) 691-4676', 4, '2025-05-30 20:42:39', '2025-05-30 20:42:39'),
(3, 'Dr. Fabiola Zieme PhD', 'zdavis@example.org', '(281) 289-5701', 1, '2025-05-30 20:42:39', '2025-05-30 20:42:39'),
(4, 'Valerie Schimmel DVM', 'arlene.fritsch@example.net', '+1-231-841-7475', 9, '2025-05-30 20:42:39', '2025-05-30 20:42:39'),
(5, 'Noble Borer', 'catalina.oreilly@example.net', '(410) 935-4769', 7, '2025-05-30 20:42:39', '2025-05-30 20:42:39'),
(6, 'Dr. Jessyca Hilpert PhD', 'jovanny.larkin@example.org', '+1.539.677.8280', 4, '2025-05-30 20:42:39', '2025-05-30 20:42:39'),
(7, 'Luisa Auer', 'pabshire@example.net', '+1-747-300-1923', 2, '2025-05-30 20:42:39', '2025-05-30 20:42:39'),
(8, 'Emmalee Watsica', 'waters.tyshawn@example.net', '908-516-2002', 10, '2025-05-30 20:42:39', '2025-05-30 20:42:39'),
(9, 'Stefanie Green', 'cronin.cordelia@example.net', '+1-564-888-2299', 8, '2025-05-30 20:42:39', '2025-05-30 20:42:39'),
(10, 'Jasmin Wisoky DVM', 'crawford.ernser@example.net', '1-586-667-1889', 5, '2025-05-30 20:42:39', '2025-05-30 20:42:39'),
(11, 'ali ed', 'eddnoubali@gmail.com', '0000000000', NULL, '2025-06-09 23:51:01', '2025-06-09 23:51:01'),
(12, 'dddd', 'dddd@gmail.com', NULL, NULL, '2025-06-24 22:11:28', '2025-06-24 22:11:28'),
(13, 'ksks', 'ksks@gmail.com', 'غير محدد', NULL, '2025-06-24 22:35:01', '2025-06-24 22:35:01');

-- --------------------------------------------------------

--
-- Structure de la table `cooks`
--

CREATE TABLE `cooks` (
  `id` bigint(20) UNSIGNED NOT NULL,
  `user_id` bigint(20) UNSIGNED NOT NULL,
  `full_name` varchar(255) NOT NULL,
  `country_id` bigint(20) UNSIGNED DEFAULT NULL,
  `city_id` bigint(20) UNSIGNED DEFAULT NULL,
  `email` varchar(255) NOT NULL,
  `food_types` longtext CHARACTER SET utf8mb4 COLLATE utf8mb4_bin NOT NULL CHECK (json_valid(`food_types`)),
  `sample_image` varchar(255) DEFAULT NULL,
  `created_at` timestamp NULL DEFAULT NULL,
  `updated_at` timestamp NULL DEFAULT NULL,
  `city` varchar(255) DEFAULT NULL,
  `photo` varchar(255) DEFAULT NULL
) ENGINE=InnoDB DEFAULT CHARSET=utf8mb4 COLLATE=utf8mb4_unicode_ci;

--
-- Déchargement des données de la table `cooks`
--

INSERT INTO `cooks` (`id`, `user_id`, `full_name`, `country_id`, `city_id`, `email`, `food_types`, `sample_image`, `created_at`, `updated_at`, `city`, `photo`) VALUES
(1, 8, 'فاطمة الزهراء', 1, 8, 'fatima@example.com', '[\"\\u0627\\u0644\\u0643\\u0633\\u0643\\u0633\",\"\\u0627\\u0644\\u0637\\u0627\\u062c\\u064a\\u0646\",\"\\u0627\\u0644\\u0628\\u0633\\u0637\\u064a\\u0644\\u0629\"]', 'cooks/fatima.jpg', '2025-05-30 20:42:39', '2025-05-30 20:42:39', NULL, NULL),
(2, 9, 'أمينة', 1, 1, 'amina@example.com', '[\"\\u0627\\u0644\\u062d\\u0631\\u064a\\u0631\\u0629\",\"\\u0627\\u0644\\u0645\\u0634\\u0648\\u064a\",\"\\u0627\\u0644\\u0628\\u063a\\u0631\\u064a\\u0631\"]', 'cooks/amina.jpg', '2025-05-30 20:42:39', '2025-05-30 20:42:39', NULL, NULL),
(3, 10, 'alae ed', 1, 4, 'alae.redmanist@gmail.com', '\"[\\\"moroccan,italian\\\"]\"', NULL, '2025-05-30 20:44:05', '2025-06-29 14:10:14', NULL, 'avatars/06QWy17GxLVf8Xbu22UsTXavIC3vTwfN90B3tSoN.jpg'),
(4, 13, 'azaz', 22, NULL, 'azaz@gmail.com', '\"[]\"', NULL, '2025-06-13 23:15:10', '2025-06-13 23:15:10', NULL, NULL),
(5, 17, 'xwxw', 2, 22, 'xwxw@gmail.com', '\"[]\"', NULL, '2025-06-24 20:06:07', '2025-06-24 20:17:15', NULL, 'avatars/cQ6arYY6j2jIsepCxQD1PfbuhSh193WvNn73eWjY.jpg');

-- --------------------------------------------------------

--
-- Structure de la table `countries`
--

CREATE TABLE `countries` (
  `id` bigint(20) UNSIGNED NOT NULL,
  `name` varchar(255) NOT NULL,
  `name_fr` varchar(255) DEFAULT NULL,
  `created_at` timestamp NULL DEFAULT NULL,
  `updated_at` timestamp NULL DEFAULT NULL
) ENGINE=InnoDB DEFAULT CHARSET=utf8mb4 COLLATE=utf8mb4_unicode_ci;

--
-- Déchargement des données de la table `countries`
--

INSERT INTO `countries` (`id`, `name`, `name_fr`, `created_at`, `updated_at`) VALUES
(1, 'المغرب', NULL, NULL, NULL),
(2, 'السعودية', NULL, NULL, NULL),
(3, 'مصر', NULL, NULL, NULL),
(4, 'الجزائر', NULL, NULL, NULL),
(5, 'الإمارات', NULL, NULL, NULL),
(6, 'الكويت', NULL, NULL, NULL),
(7, 'عمان', NULL, NULL, NULL),
(8, 'الأردن', NULL, NULL, NULL),
(9, 'لبنان', NULL, NULL, NULL),
(10, 'سوريا', NULL, NULL, NULL),
(11, 'تونس', NULL, NULL, NULL),
(12, 'قطر', NULL, NULL, NULL),
(13, 'البحرين', NULL, NULL, NULL),
(14, 'العراق', NULL, NULL, NULL),
(15, 'اليمن', NULL, NULL, NULL),
(16, 'السودان', NULL, NULL, NULL),
(17, 'ليبيا', NULL, NULL, NULL),
(18, 'الصومال', NULL, NULL, NULL),
(19, 'فلسطين', NULL, NULL, NULL),
(20, 'موريتانيا', NULL, NULL, NULL),
(21, 'Maroc', NULL, NULL, NULL),
(22, 'غير محدد', NULL, NULL, NULL);

-- --------------------------------------------------------

--
-- Structure de la table `dishes`
--

CREATE TABLE `dishes` (
  `id` bigint(20) UNSIGNED NOT NULL,
  `cook_id` bigint(20) UNSIGNED NOT NULL,
  `name` varchar(255) NOT NULL,
  `description` text NOT NULL,
  `price` decimal(8,2) NOT NULL,
  `image` varchar(255) DEFAULT NULL,
  `created_at` timestamp NULL DEFAULT NULL,
  `updated_at` timestamp NULL DEFAULT NULL,
  `is_featured` tinyint(1) NOT NULL DEFAULT 0,
  `category_id` bigint(20) UNSIGNED DEFAULT NULL
) ENGINE=InnoDB DEFAULT CHARSET=utf8mb4 COLLATE=utf8mb4_unicode_ci;

--
-- Déchargement des données de la table `dishes`
--

INSERT INTO `dishes` (`id`, `cook_id`, `name`, `description`, `price`, `image`, `created_at`, `updated_at`, `is_featured`, `category_id`) VALUES
(1, 1, 'a', 'Aut quia in et voluptatem soluta.', 85.00, 'dishes/default.jpg', '2025-05-30 20:42:39', '2025-05-30 20:42:39', 1, NULL),
(2, 1, 'tempora', 'Necessitatibus qui porro vitae aut veniam et.', 89.00, 'dishes/default.jpg', '2025-05-30 20:42:39', '2025-05-30 20:42:39', 1, NULL),
(3, 1, 'optio', 'Perferendis qui recusandae accusantium iure a.', 78.00, 'dishes/default.jpg', '2025-05-30 20:42:39', '2025-05-30 20:42:39', 0, NULL),
(4, 2, 'voluptatem', 'Ut modi suscipit doloribus veniam facere rerum.', 86.00, 'dishes/default.jpg', '2025-05-30 20:42:39', '2025-05-30 20:42:39', 0, NULL),
(5, 2, 'et', 'Voluptas et aut voluptas odit.', 39.00, 'dishes/default.jpg', '2025-05-30 20:42:39', '2025-05-30 20:42:39', 0, NULL),
(6, 2, 'doloribus', 'Voluptatem natus temporibus veniam ad officiis et quae.', 100.00, 'dishes/default.jpg', '2025-05-30 20:42:39', '2025-05-30 20:42:39', 0, NULL),
(10, 10, 'couscous marocain', 'A traditional Moroccan couscous', 50.00, 'dishes/1IzyIfdJvKz4wjpRohwFV53YrJ4wGYXgn7NYQqnd.png', '2025-06-28 23:02:01', '2025-06-28 23:02:01', 0, 1),
(11, 10, 'basbosa', 'Golden Arabic basbousa cake with coconut flakes', 40.00, 'dishes/pFvJatNvA1F06gVm4XdEmQ4htIl9NGLDjHLMnN7F.png', '2025-06-28 23:06:00', '2025-06-28 23:06:00', 0, 88),
(12, 10, 'salad', 'salad bowl with fresh cucumbers, cherry tomatoes, kalamata olives, feta cheese cubes, and red onions', 30.00, 'dishes/BDXGjGTRN3usUnWDvqRInlde97C0GRXDxtyy6pXx.png', '2025-06-28 23:13:27', '2025-06-28 23:13:27', 0, 107),
(13, 10, 'pomegranate juice', 'fresh pomegranate juice with ice cubes and mint leaves', 20.00, 'dishes/giTr5Zff3DsfVKS6m09SeRFHI44ruYWcWuRNLRr3.png', '2025-06-28 23:21:54', '2025-06-28 23:21:54', 0, 98);

-- --------------------------------------------------------

--
-- Structure de la table `dish_order`
--

CREATE TABLE `dish_order` (
  `id` bigint(20) UNSIGNED NOT NULL,
  `order_id` bigint(20) UNSIGNED NOT NULL,
  `dish_id` bigint(20) UNSIGNED NOT NULL,
  `quantity` int(11) NOT NULL DEFAULT 1,
  `created_at` timestamp NULL DEFAULT NULL,
  `updated_at` timestamp NULL DEFAULT NULL
) ENGINE=InnoDB DEFAULT CHARSET=utf8mb4 COLLATE=utf8mb4_unicode_ci;

--
-- Déchargement des données de la table `dish_order`
--

INSERT INTO `dish_order` (`id`, `order_id`, `dish_id`, `quantity`, `created_at`, `updated_at`) VALUES
(12, 35, 13, 1, '2025-06-29 12:15:33', '2025-06-29 12:15:33'),
(13, 36, 11, 1, '2025-06-29 12:49:08', '2025-06-29 12:49:08'),
(14, 37, 10, 1, '2025-06-29 12:56:55', '2025-06-29 12:56:55');

-- --------------------------------------------------------

--
-- Structure de la table `failed_jobs`
--

CREATE TABLE `failed_jobs` (
  `id` bigint(20) UNSIGNED NOT NULL,
  `uuid` varchar(255) NOT NULL,
  `connection` text NOT NULL,
  `queue` text NOT NULL,
  `payload` longtext NOT NULL,
  `exception` longtext NOT NULL,
  `failed_at` timestamp NOT NULL DEFAULT current_timestamp()
) ENGINE=InnoDB DEFAULT CHARSET=utf8mb4 COLLATE=utf8mb4_unicode_ci;

-- --------------------------------------------------------

--
-- Structure de la table `favorites`
--

CREATE TABLE `favorites` (
  `id` bigint(20) UNSIGNED NOT NULL,
  `client_id` bigint(20) UNSIGNED NOT NULL,
  `dish_id` bigint(20) UNSIGNED NOT NULL,
  `created_at` timestamp NULL DEFAULT NULL,
  `updated_at` timestamp NULL DEFAULT NULL
) ENGINE=InnoDB DEFAULT CHARSET=utf8mb4 COLLATE=utf8mb4_unicode_ci;

--
-- Déchargement des données de la table `favorites`
--

INSERT INTO `favorites` (`id`, `client_id`, `dish_id`, `created_at`, `updated_at`) VALUES
(17, 11, 13, '2025-06-29 17:47:07', '2025-06-29 17:47:07');

-- --------------------------------------------------------

--
-- Structure de la table `jobs`
--

CREATE TABLE `jobs` (
  `id` bigint(20) UNSIGNED NOT NULL,
  `queue` varchar(255) NOT NULL,
  `payload` longtext NOT NULL,
  `attempts` tinyint(3) UNSIGNED NOT NULL,
  `reserved_at` int(10) UNSIGNED DEFAULT NULL,
  `available_at` int(10) UNSIGNED NOT NULL,
  `created_at` int(10) UNSIGNED NOT NULL
) ENGINE=InnoDB DEFAULT CHARSET=utf8mb4 COLLATE=utf8mb4_unicode_ci;

-- --------------------------------------------------------

--
-- Structure de la table `job_batches`
--

CREATE TABLE `job_batches` (
  `id` varchar(255) NOT NULL,
  `name` varchar(255) NOT NULL,
  `total_jobs` int(11) NOT NULL,
  `pending_jobs` int(11) NOT NULL,
  `failed_jobs` int(11) NOT NULL,
  `failed_job_ids` longtext NOT NULL,
  `options` mediumtext DEFAULT NULL,
  `cancelled_at` int(11) DEFAULT NULL,
  `created_at` int(11) NOT NULL,
  `finished_at` int(11) DEFAULT NULL
) ENGINE=InnoDB DEFAULT CHARSET=utf8mb4 COLLATE=utf8mb4_unicode_ci;

-- --------------------------------------------------------

--
-- Structure de la table `migrations`
--

CREATE TABLE `migrations` (
  `id` int(10) UNSIGNED NOT NULL,
  `migration` varchar(255) NOT NULL,
  `batch` int(11) NOT NULL
) ENGINE=InnoDB DEFAULT CHARSET=utf8mb4 COLLATE=utf8mb4_unicode_ci;

--
-- Déchargement des données de la table `migrations`
--

INSERT INTO `migrations` (`id`, `migration`, `batch`) VALUES
(1, '0001_01_01_000000_create_users_table', 1),
(2, '0001_01_01_000001_create_cache_table', 1),
(3, '0001_01_01_000002_create_jobs_table', 1),
(4, '2025_04_30_210000_create_cities_table', 1),
(5, '2025_04_30_215206_create_clients_table', 1),
(6, '2025_04_30_215336_create_categories_table', 1),
(7, '2025_04_30_215502_create_cooks_table', 1),
(8, '2025_04_30_215504_create_dishes_table', 1),
(9, '2025_04_30_215550_create_orders_table', 1),
(10, '2025_04_30_223024_create_reviews_table', 1),
(11, '2025_04_30_223309_create_favorites_table', 1),
(12, '2025_05_01_213735_create_sessions_table', 1),
(13, '2025_05_05_132510_add_city_to_cooks_table', 1),
(14, '2025_05_05_133206_add_photo_to_cooks_table', 1),
(15, '2025_05_05_212938_add_is_featured_to_dishes_table', 1),
(16, '2025_05_19_200115_add_cook_id_to_orders_table', 1),
(17, '2025_05_19_205252_add_total_price_to_orders_table', 1),
(18, '2025_05_19_215248_add_rating_to_dishes_table', 1),
(19, '2025_05_19_223041_remove_rating_from_dishes_table', 1),
(20, '2025_05_20_231938_create_dish_order_table', 1),
(21, '2025_05_30_000207_fix_manual_users_verification', 1),
(22, '2025_06_10_212456_create_order_items_table', 2),
(23, '2025_06_10_212925_transfer_data_from_dish_order_to_order_items', 3),
(24, '2025_06_18_161517_create_category_cook_table', 4),
(25, '2025_06_19_210147_create_countries_table', 5),
(26, '2025_06_19_210401_add_country_id_to_cities', 5),
(27, '2025_06_19_210441_migrate_countries_from_cooks', 5),
(28, '2025_06_23_123029_update_dishes_table_add_category_id', 6),
(29, '2025_06_23_134858_add_location_fields_to_users_table', 7),
(30, '2025_06_24_230907_make_phone_nullable_in_clients_table', 8),
(31, '2025_06_28_224344_add_name_fr_to_countries_cities_categories_tables', 9);

-- --------------------------------------------------------

--
-- Structure de la table `orders`
--

CREATE TABLE `orders` (
  `id` bigint(20) UNSIGNED NOT NULL,
  `cook_id` bigint(20) UNSIGNED NOT NULL,
  `client_id` bigint(20) UNSIGNED NOT NULL,
  `status` varchar(255) NOT NULL DEFAULT 'pending',
  `total_price` decimal(10,2) NOT NULL DEFAULT 0.00,
  `address` text NOT NULL,
  `created_at` timestamp NULL DEFAULT NULL,
  `updated_at` timestamp NULL DEFAULT NULL
) ENGINE=InnoDB DEFAULT CHARSET=utf8mb4 COLLATE=utf8mb4_unicode_ci;

--
-- Déchargement des données de la table `orders`
--

INSERT INTO `orders` (`id`, `cook_id`, `client_id`, `status`, `total_price`, `address`, `created_at`, `updated_at`) VALUES
(8, 10, 11, 'pending', 0.00, 'rtrtr rutrtr', '2025-06-09 23:52:43', '2025-06-09 23:52:43'),
(9, 10, 11, 'pending', 0.00, 'rtrtr rutrtr', '2025-06-09 23:54:35', '2025-06-09 23:54:35'),
(10, 10, 11, 'pending', 0.00, 'trytr uyruyr', '2025-06-09 23:54:53', '2025-06-09 23:54:53'),
(11, 10, 11, 'pending', 0.00, 'abch jhdb jjh', '2025-06-10 19:14:53', '2025-06-10 19:14:53'),
(13, 10, 11, 'pending', 0.00, 'fes', '2025-06-12 12:48:37', '2025-06-12 12:48:37'),
(14, 10, 11, 'pending', 0.00, 'fes', '2025-06-12 13:08:44', '2025-06-12 13:08:44'),
(15, 10, 11, 'pending', 0.00, 'fes', '2025-06-12 13:09:03', '2025-06-12 13:09:03'),
(16, 10, 11, 'pending', 0.00, 'fes fes', '2025-06-12 14:18:42', '2025-06-12 14:18:42'),
(17, 10, 11, 'pending', 0.00, 'ghjg hghg', '2025-06-12 22:15:51', '2025-06-12 22:15:51'),
(18, 10, 11, 'pending', 0.00, 'ghjg hghg', '2025-06-12 23:07:03', '2025-06-12 23:07:03'),
(19, 10, 11, 'pending', 0.00, 'ghjg hghg', '2025-06-12 23:07:08', '2025-06-12 23:07:08'),
(20, 10, 11, 'pending', 0.00, 'ghjg hghg', '2025-06-12 23:07:40', '2025-06-12 23:07:40'),
(21, 10, 11, 'pending', 0.00, 'ttt ttt ttt', '2025-06-12 23:08:06', '2025-06-12 23:08:06'),
(22, 10, 11, 'pending', 0.00, 'ttt tttt', '2025-06-12 23:09:56', '2025-06-12 23:09:56'),
(23, 10, 11, 'pending', 0.00, 'ttt tttt gggg', '2025-06-12 23:13:51', '2025-06-12 23:13:51'),
(24, 10, 11, 'pending', 0.00, 'trtrtr', '2025-06-12 23:56:14', '2025-06-12 23:56:14'),
(25, 10, 11, 'pending', 0.00, 'tr tr tr tr', '2025-06-13 00:03:01', '2025-06-13 00:03:01'),
(26, 10, 11, 'pending', 0.00, 'ytb ytb', '2025-06-13 00:15:11', '2025-06-13 00:15:11'),
(27, 10, 11, 'pending', 0.00, 'ty ty yt', '2025-06-13 00:37:20', '2025-06-13 00:37:20'),
(28, 10, 11, 'pending', 0.00, 'yt yt yt', '2025-06-13 00:39:31', '2025-06-13 00:39:31'),
(29, 10, 11, 'preparing', 0.00, 'TY TY TY', '2025-06-13 15:20:52', '2025-06-23 13:11:39'),
(30, 10, 11, 'completed', 0.00, 'ty yt uui', '2025-06-13 15:36:38', '2025-06-18 12:54:26'),
(31, 10, 11, 'preparing', 0.00, 'fes fes', '2025-06-13 15:45:53', '2025-06-13 21:56:16'),
(32, 10, 11, 'completed', 0.00, 'hg hg', '2025-06-13 23:06:30', '2025-06-13 23:11:17'),
(33, 10, 11, 'pending', 0.00, 'kjhkj hk jhkjh kjhkjh', '2025-06-23 13:29:37', '2025-06-23 13:29:37'),
(34, 10, 11, 'pending', 0.00, 'hghg hghg 65 HHGF', '2025-06-25 22:39:24', '2025-06-25 22:39:24'),
(35, 10, 11, 'preparing', 0.00, 'ck ckkckc ckck', '2025-06-29 12:15:33', '2025-06-29 12:17:06'),
(36, 10, 11, 'completed', 0.00, 'tyrytr ytrytry ytrty', '2025-06-29 12:49:08', '2025-06-29 13:13:24'),
(37, 10, 11, 'pending', 0.00, 'fes fes fes', '2025-06-29 12:56:55', '2025-06-29 12:56:55');

-- --------------------------------------------------------

--
-- Structure de la table `order_items`
--

CREATE TABLE `order_items` (
  `id` bigint(20) UNSIGNED NOT NULL,
  `order_id` bigint(20) UNSIGNED NOT NULL,
  `dish_id` bigint(20) UNSIGNED NOT NULL,
  `quantity` int(11) NOT NULL DEFAULT 1,
  `price_at_order` decimal(10,2) NOT NULL,
  `notes` text DEFAULT NULL,
  `created_at` timestamp NULL DEFAULT NULL,
  `updated_at` timestamp NULL DEFAULT NULL
) ENGINE=InnoDB DEFAULT CHARSET=utf8mb4 COLLATE=utf8mb4_unicode_ci;

--
-- Déchargement des données de la table `order_items`
--

INSERT INTO `order_items` (`id`, `order_id`, `dish_id`, `quantity`, `price_at_order`, `notes`, `created_at`, `updated_at`) VALUES
(26, 35, 13, 1, 20.00, NULL, '2025-06-29 12:15:33', '2025-06-29 12:15:33'),
(27, 36, 11, 1, 40.00, NULL, '2025-06-29 12:49:08', '2025-06-29 12:49:08'),
(28, 37, 10, 1, 50.00, NULL, '2025-06-29 12:56:55', '2025-06-29 12:56:55');

-- --------------------------------------------------------

--
-- Structure de la table `reviews`
--

CREATE TABLE `reviews` (
  `id` bigint(20) UNSIGNED NOT NULL,
  `client_id` bigint(20) UNSIGNED NOT NULL,
  `dish_id` bigint(20) UNSIGNED NOT NULL,
  `rating` tinyint(3) UNSIGNED NOT NULL,
  `comment` text DEFAULT NULL,
  `created_at` timestamp NULL DEFAULT NULL,
  `updated_at` timestamp NULL DEFAULT NULL
) ENGINE=InnoDB DEFAULT CHARSET=utf8mb4 COLLATE=utf8mb4_unicode_ci;

-- --------------------------------------------------------

--
-- Structure de la table `sessions`
--

CREATE TABLE `sessions` (
  `id` varchar(255) NOT NULL,
  `user_id` bigint(20) UNSIGNED DEFAULT NULL,
  `ip_address` varchar(45) DEFAULT NULL,
  `user_agent` text DEFAULT NULL,
  `payload` text NOT NULL,
  `last_activity` int(11) NOT NULL
) ENGINE=InnoDB DEFAULT CHARSET=utf8mb4 COLLATE=utf8mb4_unicode_ci;

--
-- Déchargement des données de la table `sessions`
--

INSERT INTO `sessions` (`id`, `user_id`, `ip_address`, `user_agent`, `payload`, `last_activity`) VALUES
('K3UF1TVCzQbqalEXAsQZERC3KIQfekofB8druQw0', 11, '127.0.0.1', 'Mozilla/5.0 (Windows NT 10.0; Win64; x64) AppleWebKit/537.36 (KHTML, like Gecko) Chrome/138.0.0.0 Safari/537.36', 'YTo0OntzOjY6Il90b2tlbiI7czo0MDoiY2VpQVFXQmU2QXVFN1RrU3FYVG1YUmNtOXBOMUt0U2xheWx2N1IwNiI7czo2OiJfZmxhc2giO2E6Mjp7czozOiJvbGQiO2E6MDp7fXM6MzoibmV3IjthOjA6e319czo5OiJfcHJldmlvdXMiO2E6MTp7czozOiJ1cmwiO3M6MzU6Imh0dHA6Ly8xMjcuMC4wLjE6ODAwMC9jbGllbnQvb3JkZXJzIjt9czo1MDoibG9naW5fd2ViXzU5YmEzNmFkZGMyYjJmOTQwMTU4MGYwMTRjN2Y1OGVhNGUzMDk4OWQiO2k6MTE7fQ==', 1751240793),
('kigPNQY51RZrVYVjP9XcNeCh4k7R6Um5eC44X0Ok', 10, '127.0.0.1', 'Mozilla/5.0 (Windows NT 10.0; Win64; x64) AppleWebKit/537.36 (KHTML, like Gecko) Chrome/138.0.0.0 Safari/537.36', 'YTo2OntzOjY6Il90b2tlbiI7czo0MDoiWVJvb1k4c2w3NW8yV1BwWVN6SGdpU1dGN1lJczcyMWVTU3NadjhrdCI7czozOiJ1cmwiO2E6MDp7fXM6OToiX3ByZXZpb3VzIjthOjE6e3M6MzoidXJsIjtzOjMzOiJodHRwOi8vMTI3LjAuMC4xOjgwMDAvY29vay9kaXNoZXMiO31zOjY6Il9mbGFzaCI7YToyOntzOjM6Im9sZCI7YTowOnt9czozOiJuZXciO2E6MDp7fX1zOjUwOiJsb2dpbl93ZWJfNTliYTM2YWRkYzJiMmY5NDAxNTgwZjAxNGM3ZjU4ZWE0ZTMwOTg5ZCI7aToxMDtzOjY6ImxvY2FsZSI7czoyOiJhciI7fQ==', 1751225107),
('tm1zBSrsYFEVDyX4iKsPkFFVieMj4r7oSy6QUVwL', 10, '127.0.0.1', 'Mozilla/5.0 (Windows NT 10.0; Win64; x64) AppleWebKit/537.36 (KHTML, like Gecko) Chrome/138.0.0.0 Safari/537.36 Edg/138.0.0.0', 'YTo0OntzOjY6Il90b2tlbiI7czo0MDoiT1laVHBkNHVSNGdORXVFOW83aTRraFoxb01wVXg2RVhHSmd3WFZzMiI7czo2OiJfZmxhc2giO2E6Mjp7czozOiJvbGQiO2E6MDp7fXM6MzoibmV3IjthOjA6e319czo5OiJfcHJldmlvdXMiO2E6MTp7czozOiJ1cmwiO3M6MzM6Imh0dHA6Ly8xMjcuMC4wLjE6ODAwMC9jb29rL2Rpc2hlcyI7fXM6NTA6ImxvZ2luX3dlYl81OWJhMzZhZGRjMmIyZjk0MDE1ODBmMDE0YzdmNThlYTRlMzA5ODlkIjtpOjEwO30=', 1751240949),
('zdEtHYCbo6ILUtpzcTmVRMQpV2jrX6w3rujLBFo7', 11, '127.0.0.1', 'Mozilla/5.0 (Windows NT 10.0; Win64; x64) AppleWebKit/537.36 (KHTML, like Gecko) Chrome/138.0.0.0 Safari/537.36 Edg/138.0.0.0', 'YTo0OntzOjY6Il90b2tlbiI7czo0MDoiSUZza1pPdWNNY1FhZnpiY0Y2ZlRjZDhZNnFvTFk0R0JCdlFJRkl5cyI7czo5OiJfcHJldmlvdXMiO2E6MTp7czozOiJ1cmwiO3M6Mzg6Imh0dHA6Ly8xMjcuMC4wLjE6ODAwMC9jbGllbnQvZGFzaGJvYXJkIjt9czo2OiJfZmxhc2giO2E6Mjp7czozOiJvbGQiO2E6MDp7fXM6MzoibmV3IjthOjA6e319czo1MDoibG9naW5fd2ViXzU5YmEzNmFkZGMyYjJmOTQwMTU4MGYwMTRjN2Y1OGVhNGUzMDk4OWQiO2k6MTE7fQ==', 1751223477);

-- --------------------------------------------------------

--
-- Structure de la table `users`
--

CREATE TABLE `users` (
  `id` bigint(20) UNSIGNED NOT NULL,
  `name` varchar(255) NOT NULL,
  `email` varchar(255) NOT NULL,
  `email_verified_at` timestamp NULL DEFAULT NULL,
  `password` varchar(255) NOT NULL,
  `role` enum('client','cook') NOT NULL DEFAULT 'client',
  `country` varchar(255) DEFAULT NULL,
  `city` varchar(255) DEFAULT NULL,
  `phone` varchar(255) DEFAULT NULL,
  `bio` text DEFAULT NULL,
  `food_types` longtext CHARACTER SET utf8mb4 COLLATE utf8mb4_bin DEFAULT NULL CHECK (json_valid(`food_types`)),
  `remember_token` varchar(100) DEFAULT NULL,
  `created_at` timestamp NULL DEFAULT NULL,
  `updated_at` timestamp NULL DEFAULT NULL,
  `country_id` bigint(20) UNSIGNED DEFAULT NULL,
  `city_id` bigint(20) UNSIGNED DEFAULT NULL
) ENGINE=InnoDB DEFAULT CHARSET=utf8mb4 COLLATE=utf8mb4_unicode_ci;

--
-- Déchargement des données de la table `users`
--

INSERT INTO `users` (`id`, `name`, `email`, `email_verified_at`, `password`, `role`, `country`, `city`, `phone`, `bio`, `food_types`, `remember_token`, `created_at`, `updated_at`, `country_id`, `city_id`) VALUES
(1, 'Test User', 'test@example.com', '2025-05-30 20:42:39', '$2y$12$n5.8G1nuue/O0.4sqohYAuNTFSvDa.9MWpZ0lE1pzKOOFK9zoEqV6', 'client', NULL, NULL, NULL, NULL, NULL, '2RoJwO4yrE', '2025-05-30 20:42:39', '2025-05-30 20:42:39', NULL, NULL),
(2, 'Admin User', 'admin@example.com', '2025-05-30 20:42:39', '$2y$12$TgTpMMGn5vRdvXzomYZcdOCsGtJDNC9gchzOp0d2tSUvV3Y6YaSFe', 'client', NULL, NULL, NULL, NULL, NULL, NULL, '2025-05-30 20:42:39', '2025-05-30 20:42:39', NULL, NULL),
(3, 'Garrick Skiles', 'betsy33@example.net', '2025-05-30 20:42:39', '$2y$12$n5.8G1nuue/O0.4sqohYAuNTFSvDa.9MWpZ0lE1pzKOOFK9zoEqV6', 'client', NULL, NULL, NULL, NULL, NULL, 'fHDPoLWJD3', '2025-05-30 20:42:39', '2025-05-30 20:42:39', NULL, NULL),
(4, 'Dr. Rhoda Von V', 'dallas.bartell@example.com', '2025-05-30 20:42:39', '$2y$12$n5.8G1nuue/O0.4sqohYAuNTFSvDa.9MWpZ0lE1pzKOOFK9zoEqV6', 'client', NULL, NULL, NULL, NULL, NULL, 'MfZ4LlIkL0', '2025-05-30 20:42:39', '2025-05-30 20:42:39', NULL, NULL),
(5, 'Elna Stark Jr.', 'collins.andres@example.com', '2025-05-30 20:42:39', '$2y$12$n5.8G1nuue/O0.4sqohYAuNTFSvDa.9MWpZ0lE1pzKOOFK9zoEqV6', 'client', NULL, NULL, NULL, NULL, NULL, '9gb4wCDLuy', '2025-05-30 20:42:39', '2025-05-30 20:42:39', NULL, NULL),
(6, 'Dr. Timothy Cummerata', 'lakin.bert@example.com', '2025-05-30 20:42:39', '$2y$12$n5.8G1nuue/O0.4sqohYAuNTFSvDa.9MWpZ0lE1pzKOOFK9zoEqV6', 'client', NULL, NULL, NULL, NULL, NULL, 'vXYZ5sr1yt', '2025-05-30 20:42:39', '2025-05-30 20:42:39', NULL, NULL),
(7, 'Prof. Leonel Ziemann I', 'jewell95@example.net', '2025-05-30 20:42:39', '$2y$12$n5.8G1nuue/O0.4sqohYAuNTFSvDa.9MWpZ0lE1pzKOOFK9zoEqV6', 'client', NULL, NULL, NULL, NULL, NULL, '7FDw0a4Dx5', '2025-05-30 20:42:39', '2025-05-30 20:42:39', NULL, NULL),
(8, 'فاطمة الزهراء', 'fatima@example.com', '2025-05-30 20:42:39', '$2y$12$n5.8G1nuue/O0.4sqohYAuNTFSvDa.9MWpZ0lE1pzKOOFK9zoEqV6', 'client', NULL, NULL, NULL, NULL, NULL, 'fmbIJgNdk4', '2025-05-30 20:42:39', '2025-05-30 20:42:39', NULL, NULL),
(9, 'أمينة', 'amina@example.com', '2025-05-30 20:42:39', '$2y$12$n5.8G1nuue/O0.4sqohYAuNTFSvDa.9MWpZ0lE1pzKOOFK9zoEqV6', 'client', NULL, NULL, NULL, NULL, NULL, 'uK5pXI4bqt', '2025-05-30 20:42:39', '2025-05-30 20:42:39', NULL, NULL),
(10, 'alae ed', 'alae.redmanist@gmail.com', NULL, '$2y$12$LEISx8AvwmfArXP5dzE7DOZXLD6XutOBk8tzGfMHK8dsqLIkafH2S', 'cook', NULL, NULL, NULL, NULL, NULL, NULL, '2025-05-30 20:44:05', '2025-05-30 20:44:05', NULL, NULL),
(11, 'ali ed', 'eddnoubali@gmail.com', NULL, '$2y$12$UdlyISqbqeZk8iLm8UlP9el53ST7LV5ZnJ6CAt7m1kEqM6x4/FC8S', 'client', NULL, NULL, NULL, NULL, NULL, NULL, '2025-05-30 20:47:08', '2025-05-30 20:47:08', NULL, NULL),
(12, 'abab', 'abab@gmail.com', NULL, '$2y$12$6busOLsKXZ58S2hLr/ceFOZ.vT8/GtgxJoVlq4.vsrosTN7W1F8he', 'client', NULL, NULL, NULL, NULL, NULL, NULL, '2025-06-09 23:21:40', '2025-06-09 23:21:40', NULL, NULL),
(13, 'azaz', 'azaz@gmail.com', NULL, '$2y$12$ZYiC3PBYnlucV90NrPmSveNKSs1/13e9mUcqpciGh9zRgI7zgOncq', 'cook', NULL, NULL, NULL, NULL, NULL, NULL, '2025-06-13 23:15:10', '2025-06-13 23:15:10', NULL, NULL),
(14, 'messi', 'messi@gmail.com', NULL, '$2y$12$cWEVia9ewYWuKxg8KIZSf.fAmqWUnxlfBZDHONnKEBt2jh1GV7Pgm', 'cook', NULL, NULL, NULL, NULL, NULL, NULL, '2025-06-24 19:17:34', '2025-06-24 19:17:34', NULL, NULL),
(15, 'bbbb', 'bbbb@gmail.com', NULL, '$2y$12$3L0ZGDfjRCvXWcpjpT0atOnbabUG6PN/ADAx49R7N/b6d9BnSKlxK', 'cook', NULL, NULL, NULL, NULL, NULL, NULL, '2025-06-24 19:33:31', '2025-06-24 19:33:31', NULL, NULL),
(16, 'xzxz', 'xzxz@gmail.com', NULL, '$2y$12$KWu1CP0XLKcQ/gXjOGg.cOiJ2HZVJXwbwH/6TAPBQaXkRFxH0fqua', 'cook', NULL, NULL, NULL, NULL, NULL, NULL, '2025-06-24 20:02:12', '2025-06-24 20:02:12', NULL, NULL),
(17, 'xwxw', 'xwxw@gmail.com', NULL, '$2y$12$R4ue4Ipvj3B7.Kw4t9Wz.uviZXoK9Zoo/zpYLK2V/H4pue1ZB2Rvu', 'cook', NULL, NULL, NULL, NULL, NULL, NULL, '2025-06-24 20:06:07', '2025-06-24 20:06:07', NULL, NULL),
(18, 'anan', 'anan@gmail.com', NULL, '$2y$12$nIxXvbpPHC1eahDWymKxmO4KvaSqFMXjxU1z71jS5ZCaLgGlzlmDe', 'client', NULL, NULL, NULL, NULL, NULL, NULL, '2025-06-24 21:57:46', '2025-06-24 21:57:46', NULL, NULL),
(19, 'khkh', 'khkh@gmail.com', NULL, '$2y$12$FKHddPqLq0.8srfbtPUzYuZoMdaeakIQXwVwDV7xDSqzH0fRhRLh6', 'client', NULL, NULL, NULL, NULL, NULL, NULL, '2025-06-24 22:06:12', '2025-06-24 22:06:12', NULL, NULL),
(20, 'dddd', 'dddd@gmail.com', NULL, '$2y$12$UgjEmPg.ne68qkcwlgzpQOrJo4VC9OsyL5cA86JGtwqS3zwxpqQXa', 'client', NULL, NULL, NULL, NULL, NULL, NULL, '2025-06-24 22:11:28', '2025-06-24 22:11:28', NULL, NULL),
(21, 'ksks', 'ksks@gmail.com', NULL, '$2y$12$7M0R9sHHa/nc2EJZ60G6pO..bugBvhSUO/mZvyktDFLgOJAnJp7UW', 'client', NULL, NULL, NULL, NULL, NULL, NULL, '2025-06-24 22:35:01', '2025-06-24 22:35:01', NULL, NULL);

--
-- Index pour les tables déchargées
--

--
-- Index pour la table `cache`
--
ALTER TABLE `cache`
  ADD PRIMARY KEY (`key`);

--
-- Index pour la table `cache_locks`
--
ALTER TABLE `cache_locks`
  ADD PRIMARY KEY (`key`);

--
-- Index pour la table `categories`
--
ALTER TABLE `categories`
  ADD PRIMARY KEY (`id`);

--
-- Index pour la table `category_cook`
--
ALTER TABLE `category_cook`
  ADD PRIMARY KEY (`id`),
  ADD KEY `category_cook_cook_id_foreign` (`cook_id`),
  ADD KEY `category_cook_category_id_foreign` (`category_id`);

--
-- Index pour la table `cities`
--
ALTER TABLE `cities`
  ADD PRIMARY KEY (`id`),
  ADD KEY `cities_country_id_foreign` (`country_id`);

--
-- Index pour la table `clients`
--
ALTER TABLE `clients`
  ADD PRIMARY KEY (`id`),
  ADD UNIQUE KEY `clients_email_unique` (`email`),
  ADD KEY `clients_city_id_foreign` (`city_id`);

--
-- Index pour la table `cooks`
--
ALTER TABLE `cooks`
  ADD PRIMARY KEY (`id`),
  ADD UNIQUE KEY `cooks_email_unique` (`email`),
  ADD KEY `cooks_user_id_foreign` (`user_id`),
  ADD KEY `cooks_city_id_foreign` (`city_id`),
  ADD KEY `cooks_country_id_foreign` (`country_id`);

--
-- Index pour la table `countries`
--
ALTER TABLE `countries`
  ADD PRIMARY KEY (`id`),
  ADD UNIQUE KEY `countries_name_unique` (`name`);

--
-- Index pour la table `dishes`
--
ALTER TABLE `dishes`
  ADD PRIMARY KEY (`id`),
  ADD KEY `dishes_cook_id_foreign` (`cook_id`),
  ADD KEY `dishes_category_id_foreign` (`category_id`);

--
-- Index pour la table `dish_order`
--
ALTER TABLE `dish_order`
  ADD PRIMARY KEY (`id`),
  ADD KEY `dish_order_order_id_foreign` (`order_id`),
  ADD KEY `dish_order_dish_id_foreign` (`dish_id`);

--
-- Index pour la table `failed_jobs`
--
ALTER TABLE `failed_jobs`
  ADD PRIMARY KEY (`id`),
  ADD UNIQUE KEY `failed_jobs_uuid_unique` (`uuid`);

--
-- Index pour la table `favorites`
--
ALTER TABLE `favorites`
  ADD PRIMARY KEY (`id`),
  ADD KEY `favorites_client_id_foreign` (`client_id`),
  ADD KEY `favorites_dish_id_foreign` (`dish_id`);

--
-- Index pour la table `jobs`
--
ALTER TABLE `jobs`
  ADD PRIMARY KEY (`id`),
  ADD KEY `jobs_queue_index` (`queue`);

--
-- Index pour la table `job_batches`
--
ALTER TABLE `job_batches`
  ADD PRIMARY KEY (`id`);

--
-- Index pour la table `migrations`
--
ALTER TABLE `migrations`
  ADD PRIMARY KEY (`id`);

--
-- Index pour la table `orders`
--
ALTER TABLE `orders`
  ADD PRIMARY KEY (`id`),
  ADD KEY `orders_client_id_foreign` (`client_id`),
  ADD KEY `orders_cook_id_foreign` (`cook_id`);

--
-- Index pour la table `order_items`
--
ALTER TABLE `order_items`
  ADD PRIMARY KEY (`id`),
  ADD KEY `order_items_order_id_foreign` (`order_id`),
  ADD KEY `order_items_dish_id_foreign` (`dish_id`);

--
-- Index pour la table `reviews`
--
ALTER TABLE `reviews`
  ADD PRIMARY KEY (`id`),
  ADD KEY `reviews_client_id_foreign` (`client_id`),
  ADD KEY `reviews_dish_id_foreign` (`dish_id`);

--
-- Index pour la table `sessions`
--
ALTER TABLE `sessions`
  ADD PRIMARY KEY (`id`),
  ADD KEY `sessions_user_id_index` (`user_id`),
  ADD KEY `sessions_last_activity_index` (`last_activity`);

--
-- Index pour la table `users`
--
ALTER TABLE `users`
  ADD PRIMARY KEY (`id`),
  ADD UNIQUE KEY `users_email_unique` (`email`),
  ADD KEY `users_country_id_foreign` (`country_id`),
  ADD KEY `users_city_id_foreign` (`city_id`);

--
-- AUTO_INCREMENT pour les tables déchargées
--

--
-- AUTO_INCREMENT pour la table `categories`
--
ALTER TABLE `categories`
  MODIFY `id` bigint(20) UNSIGNED NOT NULL AUTO_INCREMENT, AUTO_INCREMENT=132;

--
-- AUTO_INCREMENT pour la table `category_cook`
--
ALTER TABLE `category_cook`
  MODIFY `id` bigint(20) UNSIGNED NOT NULL AUTO_INCREMENT, AUTO_INCREMENT=11;

--
-- AUTO_INCREMENT pour la table `cities`
--
ALTER TABLE `cities`
  MODIFY `id` bigint(20) UNSIGNED NOT NULL AUTO_INCREMENT, AUTO_INCREMENT=321;

--
-- AUTO_INCREMENT pour la table `clients`
--
ALTER TABLE `clients`
  MODIFY `id` bigint(20) UNSIGNED NOT NULL AUTO_INCREMENT, AUTO_INCREMENT=14;

--
-- AUTO_INCREMENT pour la table `cooks`
--
ALTER TABLE `cooks`
  MODIFY `id` bigint(20) UNSIGNED NOT NULL AUTO_INCREMENT, AUTO_INCREMENT=6;

--
-- AUTO_INCREMENT pour la table `countries`
--
ALTER TABLE `countries`
  MODIFY `id` bigint(20) UNSIGNED NOT NULL AUTO_INCREMENT, AUTO_INCREMENT=23;

--
-- AUTO_INCREMENT pour la table `dishes`
--
ALTER TABLE `dishes`
  MODIFY `id` bigint(20) UNSIGNED NOT NULL AUTO_INCREMENT, AUTO_INCREMENT=14;

--
-- AUTO_INCREMENT pour la table `dish_order`
--
ALTER TABLE `dish_order`
  MODIFY `id` bigint(20) UNSIGNED NOT NULL AUTO_INCREMENT, AUTO_INCREMENT=15;

--
-- AUTO_INCREMENT pour la table `failed_jobs`
--
ALTER TABLE `failed_jobs`
  MODIFY `id` bigint(20) UNSIGNED NOT NULL AUTO_INCREMENT;

--
-- AUTO_INCREMENT pour la table `favorites`
--
ALTER TABLE `favorites`
  MODIFY `id` bigint(20) UNSIGNED NOT NULL AUTO_INCREMENT, AUTO_INCREMENT=18;

--
-- AUTO_INCREMENT pour la table `jobs`
--
ALTER TABLE `jobs`
  MODIFY `id` bigint(20) UNSIGNED NOT NULL AUTO_INCREMENT;

--
-- AUTO_INCREMENT pour la table `migrations`
--
ALTER TABLE `migrations`
  MODIFY `id` int(10) UNSIGNED NOT NULL AUTO_INCREMENT, AUTO_INCREMENT=32;

--
-- AUTO_INCREMENT pour la table `orders`
--
ALTER TABLE `orders`
  MODIFY `id` bigint(20) UNSIGNED NOT NULL AUTO_INCREMENT, AUTO_INCREMENT=38;

--
-- AUTO_INCREMENT pour la table `order_items`
--
ALTER TABLE `order_items`
  MODIFY `id` bigint(20) UNSIGNED NOT NULL AUTO_INCREMENT, AUTO_INCREMENT=29;

--
-- AUTO_INCREMENT pour la table `reviews`
--
ALTER TABLE `reviews`
  MODIFY `id` bigint(20) UNSIGNED NOT NULL AUTO_INCREMENT;

--
-- AUTO_INCREMENT pour la table `users`
--
ALTER TABLE `users`
  MODIFY `id` bigint(20) UNSIGNED NOT NULL AUTO_INCREMENT, AUTO_INCREMENT=22;

--
-- Contraintes pour les tables déchargées
--

--
-- Contraintes pour la table `category_cook`
--
ALTER TABLE `category_cook`
  ADD CONSTRAINT `category_cook_category_id_foreign` FOREIGN KEY (`category_id`) REFERENCES `categories` (`id`) ON DELETE CASCADE,
  ADD CONSTRAINT `category_cook_cook_id_foreign` FOREIGN KEY (`cook_id`) REFERENCES `cooks` (`id`) ON DELETE CASCADE;

--
-- Contraintes pour la table `cities`
--
ALTER TABLE `cities`
  ADD CONSTRAINT `cities_country_id_foreign` FOREIGN KEY (`country_id`) REFERENCES `countries` (`id`);

--
-- Contraintes pour la table `clients`
--
ALTER TABLE `clients`
  ADD CONSTRAINT `clients_city_id_foreign` FOREIGN KEY (`city_id`) REFERENCES `cities` (`id`) ON DELETE SET NULL;

--
-- Contraintes pour la table `cooks`
--
ALTER TABLE `cooks`
  ADD CONSTRAINT `cooks_city_id_foreign` FOREIGN KEY (`city_id`) REFERENCES `cities` (`id`) ON DELETE SET NULL,
  ADD CONSTRAINT `cooks_country_id_foreign` FOREIGN KEY (`country_id`) REFERENCES `countries` (`id`),
  ADD CONSTRAINT `cooks_user_id_foreign` FOREIGN KEY (`user_id`) REFERENCES `users` (`id`) ON DELETE CASCADE;

--
-- Contraintes pour la table `dishes`
--
ALTER TABLE `dishes`
  ADD CONSTRAINT `dishes_category_id_foreign` FOREIGN KEY (`category_id`) REFERENCES `categories` (`id`) ON DELETE SET NULL,
  ADD CONSTRAINT `dishes_cook_id_foreign` FOREIGN KEY (`cook_id`) REFERENCES `users` (`id`) ON DELETE CASCADE;

--
-- Contraintes pour la table `dish_order`
--
ALTER TABLE `dish_order`
  ADD CONSTRAINT `dish_order_dish_id_foreign` FOREIGN KEY (`dish_id`) REFERENCES `dishes` (`id`) ON DELETE CASCADE,
  ADD CONSTRAINT `dish_order_order_id_foreign` FOREIGN KEY (`order_id`) REFERENCES `orders` (`id`) ON DELETE CASCADE;

--
-- Contraintes pour la table `favorites`
--
ALTER TABLE `favorites`
  ADD CONSTRAINT `favorites_client_id_foreign` FOREIGN KEY (`client_id`) REFERENCES `users` (`id`) ON DELETE CASCADE,
  ADD CONSTRAINT `favorites_dish_id_foreign` FOREIGN KEY (`dish_id`) REFERENCES `dishes` (`id`) ON DELETE CASCADE;

--
-- Contraintes pour la table `orders`
--
ALTER TABLE `orders`
  ADD CONSTRAINT `orders_client_id_foreign` FOREIGN KEY (`client_id`) REFERENCES `clients` (`id`) ON DELETE CASCADE,
  ADD CONSTRAINT `orders_cook_id_foreign` FOREIGN KEY (`cook_id`) REFERENCES `users` (`id`) ON DELETE CASCADE;

--
-- Contraintes pour la table `order_items`
--
ALTER TABLE `order_items`
  ADD CONSTRAINT `order_items_dish_id_foreign` FOREIGN KEY (`dish_id`) REFERENCES `dishes` (`id`) ON DELETE CASCADE,
  ADD CONSTRAINT `order_items_order_id_foreign` FOREIGN KEY (`order_id`) REFERENCES `orders` (`id`) ON DELETE CASCADE;

--
-- Contraintes pour la table `reviews`
--
ALTER TABLE `reviews`
  ADD CONSTRAINT `reviews_client_id_foreign` FOREIGN KEY (`client_id`) REFERENCES `users` (`id`) ON DELETE CASCADE,
  ADD CONSTRAINT `reviews_dish_id_foreign` FOREIGN KEY (`dish_id`) REFERENCES `dishes` (`id`) ON DELETE CASCADE;

--
-- Contraintes pour la table `users`
--
ALTER TABLE `users`
  ADD CONSTRAINT `users_city_id_foreign` FOREIGN KEY (`city_id`) REFERENCES `cities` (`id`) ON DELETE SET NULL,
  ADD CONSTRAINT `users_country_id_foreign` FOREIGN KEY (`country_id`) REFERENCES `countries` (`id`) ON DELETE SET NULL;
COMMIT;

/*!40101 SET CHARACTER_SET_CLIENT=@OLD_CHARACTER_SET_CLIENT */;
/*!40101 SET CHARACTER_SET_RESULTS=@OLD_CHARACTER_SET_RESULTS */;
/*!40101 SET COLLATION_CONNECTION=@OLD_COLLATION_CONNECTION */;
